-- Generation time: Sun, 15 Mar 2020 01:15:06 +0000
-- Host: mysql.hostinger.ro
-- DB name: u574849695_25
/*!40030 SET NAMES UTF8 */;
/*!40101 SET @OLD_CHARACTER_SET_CLIENT=@@CHARACTER_SET_CLIENT */;
/*!40101 SET @OLD_CHARACTER_SET_RESULTS=@@CHARACTER_SET_RESULTS */;
/*!40101 SET @OLD_COLLATION_CONNECTION=@@COLLATION_CONNECTION */;
/*!40103 SET @OLD_TIME_ZONE=@@TIME_ZONE */;
/*!40103 SET TIME_ZONE='+00:00' */;
/*!40014 SET @OLD_UNIQUE_CHECKS=@@UNIQUE_CHECKS, UNIQUE_CHECKS=0 */;
/*!40014 SET @OLD_FOREIGN_KEY_CHECKS=@@FOREIGN_KEY_CHECKS, FOREIGN_KEY_CHECKS=0 */;
/*!40101 SET @OLD_SQL_MODE=@@SQL_MODE, SQL_MODE='NO_AUTO_VALUE_ON_ZERO' */;
/*!40111 SET @OLD_SQL_NOTES=@@SQL_NOTES, SQL_NOTES=0 */;

DROP TABLE IF EXISTS `comments`;
CREATE TABLE `comments` (
  `id` bigint(20) unsigned NOT NULL AUTO_INCREMENT,
  `user_id` bigint(20) unsigned NOT NULL,
  `media_id` bigint(20) unsigned NOT NULL,
  `body` text COLLATE utf8_unicode_ci DEFAULT NULL,
  `created_at` datetime DEFAULT current_timestamp(),
  PRIMARY KEY (`id`),
  KEY `user_id` (`user_id`),
  KEY `media_id` (`media_id`),
  CONSTRAINT `comments_ibfk_1` FOREIGN KEY (`user_id`) REFERENCES `users` (`id`) ON UPDATE CASCADE,
  CONSTRAINT `comments_ibfk_2` FOREIGN KEY (`media_id`) REFERENCES `media` (`id`)
) ENGINE=InnoDB AUTO_INCREMENT=101 DEFAULT CHARSET=utf8 COLLATE=utf8_unicode_ci;

INSERT INTO `comments` VALUES ('1','1','1','Assumenda aut aliquid consequatur minus. Vel quis nihil vel sunt aut ea illo eaque. Laudantium rerum iusto minima enim nisi iusto.','1999-02-25 06:51:28'),
('2','2','2','Dolorem corporis saepe qui minima amet asperiores. Excepturi nulla maxime nam omnis porro perferendis qui. Assumenda fugiat eaque quia sed necessitatibus voluptas atque. Delectus animi voluptatem suscipit et accusamus eius voluptate. Aut sunt doloremque explicabo aut facilis aut nostrum.','2008-12-01 10:07:47'),
('3','3','3','Molestiae qui commodi iusto ut accusamus ea. Harum nemo neque dolorum mollitia tempore et dolor. Esse consequatur sit voluptate laudantium inventore soluta.','1971-09-02 02:18:36'),
('4','4','4','Voluptatibus dolores error recusandae eum qui. Quia ratione dolorem qui quaerat voluptates animi sint. Ipsam corrupti molestiae expedita voluptatem est ipsum incidunt.','1994-03-26 21:53:01'),
('5','5','5','Laborum officiis non voluptatem adipisci praesentium. Assumenda ut quia quaerat vitae accusamus soluta error ipsam. Sed adipisci et voluptatibus sapiente. Est quia dolores qui minus. Est sed recusandae ex laborum aut perspiciatis.','1996-02-21 04:56:14'),
('6','6','6','Officiis eos eveniet iste fugiat aliquid. Autem qui et ea veritatis quasi. Autem omnis et occaecati necessitatibus sed vero. Voluptate necessitatibus et culpa aperiam rerum dolore a quidem.','2009-05-05 17:36:40'),
('7','7','7','Magni aut ad aliquid libero rerum cum suscipit. Commodi ratione mollitia aut excepturi veritatis qui.','2013-02-23 08:16:20'),
('8','8','8','In consequatur voluptate rerum accusantium voluptatem est sunt. Inventore at rerum quaerat laborum autem. Itaque iusto qui rerum dolorum. Et et eaque aut enim dolore alias modi.','1980-07-11 17:50:20'),
('9','9','9','Minus ut et eum ut distinctio. Praesentium accusamus numquam quia ea quia ducimus.','1975-02-25 09:31:58'),
('10','10','10','Quae nesciunt exercitationem suscipit quis beatae voluptatem assumenda. Et et et reiciendis quia ea consequatur velit laudantium. Necessitatibus dolorem modi ut aperiam. Dicta sint quia iste aut neque ab dolorem.','2009-04-09 09:47:58'),
('11','11','11','Sit dolor voluptatem animi exercitationem. Consequatur alias est quam non dolorem fugiat nisi aspernatur. Quaerat enim vel repudiandae vel cupiditate quia laborum. Beatae et dolore consequatur.','1990-05-08 06:50:12'),
('12','12','12','Explicabo porro est odio earum rerum sint. Reprehenderit repellat distinctio sed mollitia quam consequatur numquam. Voluptas et error alias.','1994-12-23 18:20:55'),
('13','13','13','Non dicta et ad eum adipisci a. Autem officiis voluptatum ducimus exercitationem modi. Commodi distinctio quo eum quas aliquid voluptatem.','1978-05-30 14:40:05'),
('14','14','14','Sunt voluptas et nobis consequatur illo. Molestiae itaque aut dolorem distinctio voluptatem. Quis dolores ab eum accusamus nobis in qui.','2001-02-05 09:13:24'),
('15','15','15','Voluptatibus consectetur odit iste quod molestias quo est. Officiis exercitationem quam dolorum. Beatae et cumque temporibus sint. Iste quam dolor quia.','1973-11-20 19:54:53'),
('16','16','16','Ex blanditiis quo ipsa quas ut enim velit nemo. Aut et vero dignissimos qui pariatur et. Et possimus nulla enim corporis magni magnam.','1994-09-26 06:55:59'),
('17','17','17','Assumenda reiciendis aliquam aut atque quia et illo. Possimus modi totam harum. Reprehenderit neque ad ipsa est. Nobis consectetur voluptatum occaecati aut impedit possimus.','1984-12-04 00:13:42'),
('18','18','18','Distinctio illo qui facilis odit. Molestiae nulla odio aut. Ipsam et magni nobis rem. Accusantium rem nesciunt dolor aut.','2005-09-06 00:04:26'),
('19','19','19','Quo dolor a molestiae quia. Omnis nisi et consectetur incidunt. Rem in ut est occaecati sunt.','1986-05-08 02:26:48'),
('20','20','20','Laudantium et non veritatis deleniti quo deserunt et. Odit voluptatum repellat qui iusto cum sit perferendis. Provident atque dolorem accusamus optio voluptates in quam quibusdam.','2013-02-25 19:56:53'),
('21','21','21','Et in commodi facilis iste ut distinctio. Sed iusto ea autem repudiandae sit id ea illo. Dolor voluptatum corrupti aut corrupti doloremque nihil.','2014-02-02 11:33:34'),
('22','22','22','Laudantium consequuntur est officia nemo optio reiciendis. Similique sed eligendi doloremque dolores. Molestiae earum qui aliquam aut voluptatem possimus dolores.','1987-12-02 18:36:36'),
('23','23','23','Quod laudantium ut voluptatem. Voluptatem officia accusantium dolorum culpa. Asperiores ut nostrum aperiam et in soluta. Nobis aut repudiandae animi.','1991-11-30 02:21:06'),
('24','24','24','Optio adipisci et autem amet voluptatibus optio est. Optio repudiandae id exercitationem accusantium. Beatae odio ad similique rerum autem in. Ipsa dolor consequuntur officia.','1970-03-02 04:50:24'),
('25','25','25','Enim dolorem non voluptas. Ratione laudantium magni repellendus omnis ut officiis. Commodi saepe illum et.','1992-02-29 05:33:22'),
('26','26','26','Laudantium ut cum sit ducimus consequatur. Optio officia nam minima enim repudiandae. Odit neque consequatur ut enim. Enim qui vitae a vero in cum et et.','1980-12-04 21:03:07'),
('27','27','27','Beatae omnis non dolores. Omnis enim minus rerum commodi voluptas. Officia est perferendis quaerat exercitationem. Aut debitis autem repellat corporis et.','1995-04-01 18:16:33'),
('28','28','28','Enim omnis mollitia beatae quam quis officia. Eum temporibus nam natus ut nemo voluptas. Eius quam sed eum ut qui dolore sint. Libero magnam id ab alias.','2000-09-29 05:44:28'),
('29','29','29','Dolor sunt et dignissimos deserunt neque nesciunt. Est voluptatem qui reiciendis deleniti. Nulla sequi occaecati aut.','1972-09-16 11:40:28'),
('30','30','30','Voluptas a et et sunt voluptatem deleniti. Natus et occaecati doloribus sapiente. Beatae consequatur ratione velit nihil illo corrupti veritatis.','1971-12-31 07:58:13'),
('31','31','31','Id et incidunt illum ducimus dolor vel. Reprehenderit accusantium nulla temporibus exercitationem sunt. Dolorum enim animi consequatur porro minus provident molestias commodi. Corporis quis ex rerum placeat consequatur esse error magnam.','1972-04-04 22:35:44'),
('32','32','32','Dignissimos et officia eveniet iste. Harum voluptatem atque molestiae officiis eaque voluptatem.','1983-10-20 06:18:02'),
('33','33','33','Fugit ducimus reiciendis vitae quas vero cumque. Dolores praesentium animi reiciendis iste dicta ut.','1994-08-27 12:29:57'),
('34','34','34','Qui unde magnam dolorem rerum quae consequuntur ex. Perferendis omnis soluta a qui. Adipisci aliquid sunt labore laboriosam. Maxime aut porro sequi voluptatem et totam architecto.','1982-07-25 20:48:56'),
('35','35','35','Quod cupiditate explicabo tenetur recusandae. Dicta non doloribus nostrum architecto sunt. Magnam animi est quibusdam enim laboriosam laudantium. Dolorum et illo quasi sed in voluptatibus.','2014-07-11 08:18:18'),
('36','36','36','Voluptatibus ea voluptatum tenetur incidunt eius. Modi delectus quam aspernatur odit minima necessitatibus eveniet. Qui rerum error mollitia fuga voluptatem dolorum voluptas. Repellat voluptatem repudiandae dolorem iure id porro maxime.','2017-11-27 01:32:12'),
('37','37','37','Eius quia est accusantium sequi. Optio laborum quasi expedita dicta ea voluptas. Ratione autem qui praesentium reprehenderit nisi tempora harum ab. Cupiditate nulla earum repellendus deleniti repellendus sed cumque sit.','1992-03-09 09:17:12'),
('38','38','38','Nobis qui commodi vero inventore minus. Dolorem earum atque harum dolore soluta sint sunt. Adipisci suscipit totam voluptatem rerum quaerat nostrum amet. Placeat laborum est id molestias possimus sit.','1978-01-28 09:28:00'),
('39','39','39','Officia magni nulla sint provident qui ex repudiandae. Vel cupiditate perferendis voluptates repellat deleniti. Laboriosam quam ipsum ut sed ab.','2013-08-16 14:10:15'),
('40','40','40','Perspiciatis error dicta voluptatem occaecati. Voluptatem sit ratione ut incidunt earum.','2007-10-01 13:00:50'),
('41','41','41','Dicta nulla officia assumenda aut. Fugit officia similique animi. Nam perferendis tempore eius quia velit. Officiis hic cumque ut sequi nostrum et aut. Ad voluptatem corrupti consequatur enim distinctio delectus.','1998-05-10 20:34:53'),
('42','42','42','Cum ullam consectetur ut incidunt ad. Ratione ducimus aut incidunt velit. Est est nemo omnis voluptas modi ut. Natus qui eos nam alias quo ut porro.','1996-04-10 03:50:12'),
('43','43','43','Iste nulla ea libero optio ut. Voluptatibus numquam aut vel voluptas repudiandae minus nesciunt tempore. Est voluptatum adipisci ea id assumenda accusantium voluptates.','2002-11-08 09:46:15'),
('44','44','44','Quos deserunt odit tempora. Sunt aperiam voluptatibus placeat quod. Animi expedita ullam qui.','1990-06-15 10:19:31'),
('45','45','45','Non quis voluptas eos aliquam praesentium. Cupiditate est sit iure quam nesciunt voluptas. Sed possimus consequatur voluptas enim. At pariatur ratione quas sunt officia corporis. Et libero quia et nesciunt.','2000-08-27 19:56:42'),
('46','46','46','Dolore id molestias laboriosam quod nihil provident consequatur. Temporibus non dolor quae nostrum. Dolor eaque est tempora dolor. Explicabo ab rerum voluptatem est ratione nisi mollitia.','2011-11-27 13:35:12'),
('47','47','47','Animi deleniti quis earum praesentium ea explicabo facere est. Vel ut velit nostrum omnis non qui quibusdam. Quibusdam omnis nostrum nam. Hic quo ut et perferendis repudiandae est aut. Hic sit maxime molestiae cum.','1998-12-22 06:56:35'),
('48','48','48','Nam et praesentium nisi praesentium architecto velit vero. Iure est doloribus corporis nam corrupti corrupti ut. Nobis est non aut asperiores ducimus.','2006-10-10 02:29:57'),
('49','49','49','Consectetur nesciunt nihil necessitatibus natus odit labore omnis. Error nobis tempora est. Aut sed facere repellendus et officia. Asperiores sit est dolorum perferendis quos quia veritatis.','1976-08-02 20:23:24'),
('50','50','50','Sequi et corrupti molestias repellendus. Veritatis quis omnis maxime aut. Ab eum modi et similique amet nihil molestias magnam. Unde blanditiis magni ex libero.','1978-04-14 17:59:55'),
('51','51','51','Laboriosam ullam alias accusamus est quo corporis blanditiis. Est quia non voluptatem consequatur architecto qui dicta. Dolore fugiat itaque ad sed. Eum sunt accusantium quis.','1971-10-27 23:12:07'),
('52','52','52','Natus nulla ut voluptatem porro. Explicabo et ipsum consequuntur optio aut perspiciatis molestiae. Id dolorem atque quis ut in dolor ab in.','2020-01-25 23:07:36'),
('53','53','53','Enim cupiditate velit commodi natus voluptatum. Quia voluptatem consequatur sint voluptatem. Consequatur aliquam voluptas nam at. Aut quae consequatur aut aut a quos eum.','1978-01-22 21:22:52'),
('54','54','54','Quo voluptatem porro iusto quam et minima consectetur voluptas. Facere ea nemo est enim enim labore. Aut sapiente reprehenderit aut. Quaerat qui architecto eligendi nostrum sit.','1988-02-24 23:57:41'),
('55','55','55','Est quae natus est nihil iste. Earum ut voluptatem reprehenderit doloribus. Laudantium corporis id reiciendis nulla qui.','2008-04-21 21:45:51'),
('56','56','56','Officia voluptatem ducimus qui quis nihil accusantium maxime qui. Quos quod quo sit facilis. Reprehenderit voluptate hic accusantium eos ab dolor repellendus sed.','2014-07-20 02:24:48'),
('57','57','57','Error voluptatem impedit quia nihil tenetur. Natus omnis rerum maxime temporibus repellendus. Sit iure sunt cum aut rerum quo nihil sint.','2008-08-28 22:53:26'),
('58','58','58','Laborum id delectus quo qui incidunt molestiae. Sed tenetur provident enim hic. Eaque quis est vel nihil.','2007-07-18 15:32:08'),
('59','59','59','Unde a quae ut nulla. Voluptate eos nobis ab. Corporis nostrum eum blanditiis facilis consequatur labore vel. Animi rerum temporibus officiis fugiat dolor.','1976-07-25 08:01:03'),
('60','60','60','Rerum voluptas quas sint tempora voluptatibus ea. Ea culpa amet occaecati. Omnis enim enim ut omnis suscipit. Fugiat modi officia ipsam doloremque quia sed molestias magni. Voluptatem cum et nisi vero similique culpa soluta.','2019-04-21 14:20:05'),
('61','61','61','Iste non mollitia qui non. A sunt iusto ut voluptates nihil autem recusandae. Quisquam perspiciatis similique assumenda cum enim saepe deleniti.','1996-03-10 16:11:47'),
('62','62','62','Autem aliquam qui autem aspernatur dolorem ipsa. Voluptas ut nesciunt dignissimos voluptatem odit molestias culpa. Ducimus in id molestiae aut consequuntur aspernatur. Distinctio similique eligendi autem voluptas omnis.','2005-02-22 02:01:56'),
('63','63','63','Quasi voluptas sapiente at veniam unde. Temporibus neque consequatur vel quia ut minima voluptate suscipit. Nihil corrupti dolores et quia. Odio quo totam sapiente consectetur in deleniti at quos. Quia rerum quas voluptas nulla tempora voluptas culpa.','2009-12-19 02:17:50'),
('64','64','64','Temporibus aut cupiditate vero sit eos sit unde. Delectus earum minus quibusdam molestias eaque quia culpa. Qui praesentium ullam et error ipsam. Commodi quaerat non cum et.','2007-10-01 03:15:22'),
('65','65','65','Consectetur quae veniam quo delectus sapiente. Repellat est enim qui facere illo consectetur. Ut sit commodi reiciendis in qui. Libero corrupti ut asperiores non voluptates eos nulla.','2002-04-19 16:48:59'),
('66','66','66','Culpa tempora voluptatem dolores qui aut reprehenderit et maiores. Eum veritatis nisi labore temporibus necessitatibus nobis voluptas. Iste dolores eaque pariatur aut et commodi et.','1976-01-03 17:06:15'),
('67','67','67','Quia sed nobis id labore in. Similique ut sit nihil. Est autem et consectetur quisquam voluptatibus similique aliquid. Facere sit consequatur illum aut blanditiis.','2020-01-05 22:55:27'),
('68','68','68','Ut pariatur praesentium ea quasi nam dolore. Quos molestiae asperiores aliquam debitis quaerat. Pariatur blanditiis aliquam sed.','2001-12-12 17:26:20'),
('69','69','69','Et quia adipisci voluptatum rem ducimus culpa. Adipisci iste est dolorem consequatur odit unde.','2012-05-14 05:08:50'),
('70','70','70','Vitae et sit ut sint similique. Recusandae debitis eaque necessitatibus omnis aut.','1980-01-29 12:07:32'),
('71','71','71','A aut quas reprehenderit. Expedita voluptatem vitae ratione necessitatibus. Eum quaerat voluptatum quis totam et. Nesciunt praesentium voluptas odio corporis labore voluptas.','2005-10-10 03:34:57'),
('72','72','72','Dolorem sint voluptas beatae dolorum sed atque saepe. Vel eligendi optio esse recusandae molestiae perspiciatis. Cum ab consequatur labore ullam veritatis.','2008-11-30 09:16:14'),
('73','73','73','Beatae quia adipisci molestiae voluptate qui neque ut. Repellat iusto sit repellendus tempora deleniti maxime. Fugit magni nihil praesentium libero qui. Enim aut quo quas laborum est.','2004-12-09 09:09:29'),
('74','74','74','Sit quae ut id cupiditate ea esse enim. Et cum aut pariatur totam sunt dolorem iusto.','1978-01-21 20:07:48'),
('75','75','75','Quis architecto adipisci sit vel quas voluptatem quia. Sit facere unde id recusandae eum sunt. Dignissimos sunt velit quo est qui soluta.','2015-06-07 06:31:51'),
('76','76','76','Eum minus est qui neque ratione. Doloremque aut praesentium cumque consequatur fugiat. Rem aut quisquam occaecati cumque aut.','2015-12-30 19:55:01'),
('77','77','77','Qui nemo beatae sed eum eius qui aliquid. Quis iste repellendus molestias ut ut. Cum totam sint laborum voluptates. Animi voluptate quis quia deserunt necessitatibus totam. Tempore voluptas pariatur vel.','2019-03-13 14:57:06'),
('78','78','78','Saepe amet voluptatem repellendus facilis. Est alias aut veniam voluptatem eveniet. Non iusto quos et voluptas.','1982-05-20 13:08:31'),
('79','79','79','Voluptatem doloremque quia voluptas. Repudiandae ab voluptates eligendi quasi sit et. Et necessitatibus ut et consequatur qui non eaque.','1977-05-29 20:28:32'),
('80','80','80','Hic ex veniam natus quia et vel est necessitatibus. Ab sit dolorem dolor. Aut velit odit natus. Rem minima asperiores quae sunt nihil ut ut.','1984-12-01 00:04:35'),
('81','81','81','Rerum est voluptas doloremque voluptatem id dolore necessitatibus magnam. Atque accusantium et quisquam quibusdam totam soluta. Ipsam id amet dolorem id. Et similique nisi dolorem placeat ea.','2004-06-20 15:26:23'),
('82','82','82','Dolores tempore sit est laboriosam sed a. Maxime at dolore modi consequatur architecto. Sit molestiae enim corporis assumenda corporis. Sed qui qui inventore voluptate dolores.','1973-10-18 04:52:45'),
('83','83','83','Reiciendis soluta ducimus ducimus dolorem quas qui. Voluptatem at iste dolorem doloremque cumque magni. Harum perferendis quia mollitia earum quibusdam eos aut.','1985-02-02 22:35:59'),
('84','84','84','Excepturi culpa ut quod quasi neque porro occaecati. Architecto voluptates ut sit aut sint. Temporibus accusamus rem itaque in qui odit et. Quo itaque qui provident veritatis.','1983-08-13 18:34:51'),
('85','85','85','Omnis nisi possimus in. Suscipit rerum quos aperiam provident excepturi ullam. Consectetur perferendis pariatur et inventore.','1988-10-25 00:13:36'),
('86','86','86','Dicta animi ea veritatis explicabo ratione ea repudiandae. Et ut non sint commodi cum in natus. Dignissimos magnam earum assumenda doloremque. Placeat qui qui facere.','2007-03-16 20:15:19'),
('87','87','87','Deleniti sed dignissimos numquam iusto ut. Ut odit dolorum sequi rerum necessitatibus iure. Voluptatem et temporibus repellendus fugiat rerum aut culpa.','2007-05-18 07:24:15'),
('88','88','88','Itaque minus et sunt perferendis deleniti tempora. Vero maiores ut ratione ipsa ut blanditiis corrupti totam. Recusandae delectus quod ipsa qui. Doloremque quas maxime voluptatibus rerum sunt. Laborum eum similique sint dolor.','2014-12-31 03:07:58'),
('89','89','89','Recusandae omnis nihil libero nihil fugit accusantium. Odio vero eveniet numquam illo. Perspiciatis id voluptatem voluptas. Et esse eveniet autem blanditiis rem.','2009-08-21 07:59:03'),
('90','90','90','Qui cum sed itaque voluptatem voluptatem sint odio. Aliquam qui deserunt est doloribus. Debitis ab est aut nulla qui eius. Officiis expedita eius velit laudantium quis est.','1997-12-26 14:58:24'),
('91','91','91','Tempora alias aspernatur deserunt voluptas vel perspiciatis impedit. Incidunt vero est voluptatem commodi sunt itaque. Eos est quasi voluptas vel.','1985-12-01 22:33:42'),
('92','92','92','Veritatis dolores doloremque corporis id reiciendis tempora quia. Facilis quod quidem consequuntur corporis dolores numquam. Iste alias perspiciatis in inventore quod. Doloremque eos enim quo.','2010-04-12 16:30:51'),
('93','93','93','Culpa labore facere nemo sed iure necessitatibus. Placeat ex ut amet recusandae deserunt fugiat. Fugit consequuntur quo aliquid ut nobis quasi.','1981-10-23 17:36:51'),
('94','94','94','Sit error atque ut error aut voluptas quia. Nihil dolor expedita itaque ipsam natus repellendus nobis debitis. Corrupti officiis ut labore. Nulla ullam omnis omnis.','2015-03-30 05:51:16'),
('95','95','95','Itaque ut occaecati et libero beatae modi reiciendis. Adipisci at aliquid voluptatum sed. Pariatur magni qui non autem est. Aut voluptas perspiciatis odio non hic hic a.','1988-01-30 18:12:01'),
('96','96','96','Sit libero tempora incidunt sit dolorum natus. Consequuntur earum consequatur voluptatem in temporibus totam. Tempora rerum aut et quis quibusdam. Consequuntur et dolorem delectus asperiores nemo et.','1971-02-13 00:39:40'),
('97','97','97','Est doloribus ab ut impedit. Aut et est qui repudiandae cumque quia nesciunt. Esse itaque quisquam amet distinctio labore. Excepturi maxime itaque omnis tempore et.','1997-10-21 09:46:56'),
('98','98','98','Neque sapiente qui delectus ducimus repellendus quia nesciunt. Nihil voluptas saepe ducimus voluptate aut. Minima aut provident eum omnis aspernatur.','1986-01-08 17:14:03'),
('99','99','99','Aut dolorem non voluptas numquam. Delectus nihil temporibus quia sequi nobis. Et delectus ut ratione consequatur ratione necessitatibus doloribus. Reiciendis cupiditate debitis qui nihil voluptatem.','1986-10-12 14:30:45'),
('100','100','100','Perspiciatis corrupti molestiae quis non. Veniam recusandae atque quod eveniet mollitia. Adipisci ipsam nostrum iusto.','1982-05-09 14:46:10'); 


DROP TABLE IF EXISTS `communities`;
CREATE TABLE `communities` (
  `id` bigint(20) unsigned NOT NULL AUTO_INCREMENT,
  `name` varchar(150) COLLATE utf8_unicode_ci DEFAULT NULL,
  PRIMARY KEY (`id`),
  KEY `communities_name_idx` (`name`)
) ENGINE=InnoDB AUTO_INCREMENT=101 DEFAULT CHARSET=utf8 COLLATE=utf8_unicode_ci;

INSERT INTO `communities` VALUES ('76','amet'),
('86','animi'),
('94','aperiam'),
('61','architecto'),
('80','at'),
('90','aut'),
('3','autem'),
('41','autem'),
('56','commodi'),
('88','consequatur'),
('93','corporis'),
('22','corrupti'),
('82','culpa'),
('26','cum'),
('18','cumque'),
('40','cumque'),
('44','cumque'),
('29','cupiditate'),
('35','cupiditate'),
('38','cupiditate'),
('49','deleniti'),
('4','dignissimos'),
('81','dolores'),
('27','dolorum'),
('9','ea'),
('84','earum'),
('19','esse'),
('64','est'),
('67','et'),
('68','et'),
('47','eum'),
('63','eum'),
('83','excepturi'),
('72','hic'),
('2','id'),
('8','inventore'),
('46','ipsum'),
('17','iure'),
('70','iure'),
('23','iusto'),
('43','iusto'),
('71','laborum'),
('21','libero'),
('37','magnam'),
('1','magni'),
('48','minus'),
('10','molestiae'),
('58','molestiae'),
('14','mollitia'),
('96','natus'),
('45','necessitatibus'),
('100','neque'),
('55','nesciunt'),
('85','nihil'),
('53','non'),
('87','non'),
('69','officiis'),
('28','omnis'),
('36','omnis'),
('6','optio'),
('33','placeat'),
('20','provident'),
('5','quas'),
('24','quas'),
('79','quas'),
('16','quasi'),
('39','qui'),
('92','qui'),
('95','qui'),
('54','quia'),
('89','quia'),
('97','quia'),
('15','quibusdam'),
('98','quibusdam'),
('75','quo'),
('78','quod'),
('42','repellendus'),
('32','reprehenderit'),
('59','rerum'),
('62','rerum'),
('66','rerum'),
('77','rerum'),
('65','similique'),
('74','soluta'),
('57','suscipit'),
('30','tempore'),
('12','tenetur'),
('51','ullam'),
('99','ullam'),
('60','unde'),
('25','ut'),
('31','ut'),
('34','ut'),
('50','ut'),
('73','ut'),
('13','vel'),
('7','voluptate'),
('11','voluptatem'),
('91','voluptates'),
('52','voluptatum'); 


DROP TABLE IF EXISTS `friend_requests`;
CREATE TABLE `friend_requests` (
  `initiator_user_id` bigint(20) unsigned NOT NULL,
  `target_user_id` bigint(20) unsigned NOT NULL,
  `status` enum('requested','approved','unfriended','declined') COLLATE utf8_unicode_ci DEFAULT NULL,
  `requested_at` datetime DEFAULT current_timestamp(),
  `confirmed_at` datetime DEFAULT NULL,
  PRIMARY KEY (`initiator_user_id`,`target_user_id`),
  KEY `initiator_user_id` (`initiator_user_id`),
  KEY `target_user_id` (`target_user_id`),
  CONSTRAINT `friend_requests_ibfk_1` FOREIGN KEY (`initiator_user_id`) REFERENCES `users` (`id`),
  CONSTRAINT `friend_requests_ibfk_2` FOREIGN KEY (`target_user_id`) REFERENCES `users` (`id`)
) ENGINE=InnoDB DEFAULT CHARSET=utf8 COLLATE=utf8_unicode_ci;

INSERT INTO `friend_requests` VALUES ('1','1','approved','2003-10-30 04:55:59','2011-07-18 22:35:08'),
('2','2','unfriended','2018-01-08 03:57:33','2002-07-24 00:40:28'),
('3','3','unfriended','2009-04-16 11:23:59','1972-11-02 23:05:51'),
('4','4','requested','1977-07-05 11:51:16','2009-02-22 22:08:55'),
('5','5','requested','2019-03-23 09:27:23','2011-04-06 16:21:58'),
('6','6','approved','1975-11-20 06:31:30','2009-08-12 08:00:51'),
('7','7','declined','2018-08-20 09:21:59','1974-02-21 10:37:50'),
('8','8','requested','1984-10-12 23:09:09','1983-10-27 19:34:35'),
('9','9','requested','1984-01-31 07:47:10','1985-08-22 06:49:54'),
('10','10','approved','2006-08-09 22:13:37','2000-12-14 22:28:14'),
('11','11','approved','2011-11-06 05:04:04','2019-10-03 19:35:42'),
('12','12','requested','1995-07-14 21:29:42','2000-01-14 00:03:47'),
('13','13','unfriended','1994-05-08 22:26:18','2009-08-27 03:51:17'),
('14','14','unfriended','2009-12-30 23:01:02','2014-07-07 09:01:43'),
('15','15','requested','2003-05-17 12:14:33','1997-01-07 08:53:20'),
('16','16','unfriended','1985-09-21 03:31:22','2007-07-15 21:00:02'),
('17','17','declined','2015-05-29 10:09:08','1988-12-11 12:10:13'),
('18','18','unfriended','2008-03-06 20:36:19','1988-05-13 03:13:56'),
('19','19','declined','2018-05-01 02:46:14','1977-04-22 19:10:03'),
('20','20','requested','1994-06-11 20:03:04','2019-01-15 14:19:28'),
('21','21','unfriended','1994-11-09 04:29:33','1975-11-05 08:52:13'),
('22','22','unfriended','2005-12-18 22:42:17','2002-06-05 03:10:21'),
('23','23','requested','1996-02-17 09:36:38','2014-12-07 22:25:49'),
('24','24','declined','2017-09-07 03:14:19','2013-09-05 01:53:50'),
('25','25','unfriended','2002-12-13 06:25:29','1992-05-27 00:22:52'),
('26','26','approved','2016-07-24 05:02:35','2005-01-27 04:41:16'),
('27','27','declined','1976-02-24 14:49:29','2006-07-27 17:13:17'),
('28','28','unfriended','1986-12-16 09:22:51','1977-08-18 05:25:04'),
('29','29','requested','1984-04-21 13:56:19','1985-11-18 18:29:27'),
('30','30','declined','1992-04-26 04:08:20','2000-09-06 20:38:32'),
('31','31','declined','1981-03-17 08:03:34','1984-09-09 14:10:19'),
('32','32','requested','1977-05-12 07:07:12','1990-06-25 11:41:05'),
('33','33','requested','1991-08-25 07:26:52','1989-07-24 23:13:28'),
('34','34','requested','2013-09-26 18:17:35','2000-04-28 19:55:14'),
('35','35','requested','2005-08-26 04:20:39','1974-09-12 00:10:38'),
('36','36','unfriended','2019-11-12 10:13:55','1986-01-25 08:27:03'),
('37','37','approved','1995-08-16 06:24:28','2000-10-19 08:30:15'),
('38','38','requested','1982-04-14 02:34:34','1989-05-09 02:54:18'),
('39','39','requested','1997-04-02 17:47:00','2018-04-04 21:13:02'),
('40','40','declined','1970-04-09 15:56:06','1983-09-04 03:10:10'),
('41','41','requested','1978-02-18 14:40:14','1980-10-06 00:15:38'),
('42','42','requested','1981-11-19 17:36:20','1992-01-16 01:55:24'),
('43','43','requested','1995-11-09 09:23:22','1992-01-19 23:30:08'),
('44','44','declined','1994-09-21 12:55:11','1987-12-19 19:10:55'),
('45','45','requested','1979-05-21 16:14:35','1978-02-16 17:12:52'),
('46','46','approved','2005-08-09 03:31:18','2001-12-04 21:37:29'),
('47','47','requested','2010-09-30 03:35:57','2012-02-16 07:22:42'),
('48','48','declined','1971-06-18 01:01:19','2002-03-21 08:25:04'),
('49','49','declined','1993-03-09 16:04:54','1981-08-02 13:17:32'),
('50','50','requested','1988-08-20 05:38:45','2010-07-16 08:55:42'),
('51','51','requested','1991-11-16 13:16:57','1980-01-27 00:00:24'),
('52','52','approved','2000-04-05 03:04:07','1997-03-21 02:41:59'),
('53','53','requested','2005-10-01 00:55:24','2009-08-19 20:42:27'),
('54','54','approved','1996-04-18 21:38:35','1985-10-21 07:37:42'),
('55','55','declined','2002-04-24 08:00:15','1971-06-25 18:08:04'),
('56','56','approved','2011-05-26 22:58:07','2017-11-21 05:59:11'),
('57','57','requested','2012-11-06 14:52:28','1995-09-28 00:05:27'),
('58','58','requested','1999-11-11 16:59:47','1989-04-20 09:44:31'),
('59','59','approved','1999-05-22 14:22:13','1996-02-08 08:22:21'),
('60','60','unfriended','1977-02-06 14:44:11','2017-12-16 02:43:47'),
('61','61','approved','1985-06-01 15:44:43','2016-08-20 21:12:20'),
('62','62','declined','2018-04-13 20:02:38','1972-03-21 00:20:01'),
('63','63','declined','1974-05-28 13:54:24','1975-10-22 17:32:32'),
('64','64','requested','2001-11-07 14:13:45','1992-06-21 05:52:58'),
('65','65','approved','1983-12-07 11:56:28','2016-12-17 00:15:20'),
('66','66','declined','1989-09-09 16:33:21','2014-03-21 03:00:59'),
('67','67','requested','2010-09-23 14:50:07','1977-05-10 22:39:32'),
('68','68','declined','1976-04-26 00:38:14','2006-07-25 20:33:34'),
('69','69','requested','1976-03-30 01:39:02','2004-02-28 10:11:49'),
('70','70','unfriended','1979-02-22 20:21:24','1986-05-04 09:20:33'),
('71','71','unfriended','2004-10-30 06:08:36','1991-12-08 03:37:11'),
('72','72','requested','2004-05-21 20:46:26','2000-03-28 10:50:35'),
('73','73','unfriended','1992-03-18 07:48:55','1974-01-23 07:40:34'),
('74','74','unfriended','2011-09-02 09:13:58','2005-02-02 16:52:10'),
('75','75','unfriended','1974-07-04 14:43:39','1982-02-07 21:19:55'),
('76','76','approved','2000-07-28 19:16:13','1993-06-18 18:58:39'),
('77','77','unfriended','1986-11-06 09:30:55','1993-06-24 16:14:46'),
('78','78','approved','1997-03-12 21:30:06','1971-12-19 14:40:45'),
('79','79','unfriended','1989-07-27 09:57:39','1991-06-19 13:34:09'),
('80','80','unfriended','1988-04-25 22:08:08','1989-04-21 17:53:49'),
('81','81','declined','1983-09-15 15:47:27','1985-01-18 22:14:58'),
('82','82','unfriended','1970-11-20 15:52:42','1990-03-29 19:14:10'),
('83','83','requested','1993-11-12 00:12:39','2016-01-08 16:52:34'),
('84','84','approved','1984-11-21 05:40:58','2012-03-17 01:34:17'),
('85','85','requested','1986-09-07 07:36:03','1993-09-02 08:29:15'),
('86','86','declined','1970-09-26 11:33:49','1980-06-23 23:51:08'),
('87','87','declined','2002-06-01 17:58:11','1996-07-08 07:31:49'),
('88','88','unfriended','1992-08-11 17:46:01','1982-04-28 08:01:15'),
('89','89','requested','1980-05-07 05:02:08','2015-02-04 06:42:57'),
('90','90','declined','1973-03-11 03:05:23','2015-05-22 11:52:50'),
('91','91','unfriended','1977-03-05 20:52:22','1996-02-27 06:55:07'),
('92','92','requested','2005-05-16 08:30:34','2012-01-09 13:43:11'),
('93','93','requested','1972-05-02 16:58:28','1990-08-15 03:18:23'),
('94','94','declined','2015-06-10 18:42:20','2017-05-03 03:23:41'),
('95','95','unfriended','1996-07-03 09:55:48','1990-04-22 19:48:43'),
('96','96','approved','2013-11-25 13:46:36','1990-08-07 07:56:22'),
('97','97','declined','2007-04-11 14:07:43','2019-05-28 01:24:44'),
('98','98','requested','1980-08-22 23:15:23','1995-05-01 02:59:41'),
('99','99','declined','2002-12-09 10:14:41','1987-07-29 06:56:56'),
('100','100','unfriended','1976-11-04 00:18:46','1988-06-13 20:27:22'); 


DROP TABLE IF EXISTS `likes`;
CREATE TABLE `likes` (
  `id` bigint(20) unsigned NOT NULL AUTO_INCREMENT,
  `user_id` bigint(20) unsigned NOT NULL,
  `media_id` bigint(20) unsigned NOT NULL,
  `created_at` datetime DEFAULT current_timestamp(),
  PRIMARY KEY (`id`),
  KEY `user_id` (`user_id`),
  KEY `media_id` (`media_id`),
  CONSTRAINT `likes_ibfk_1` FOREIGN KEY (`user_id`) REFERENCES `users` (`id`) ON UPDATE CASCADE,
  CONSTRAINT `likes_ibfk_2` FOREIGN KEY (`media_id`) REFERENCES `media` (`id`)
) ENGINE=InnoDB AUTO_INCREMENT=101 DEFAULT CHARSET=utf8 COLLATE=utf8_unicode_ci;

INSERT INTO `likes` VALUES ('1','1','1','1998-07-23 12:00:33'),
('2','2','2','1981-08-08 08:02:30'),
('3','3','3','2008-01-23 06:15:55'),
('4','4','4','1997-07-17 06:41:15'),
('5','5','5','1999-06-18 19:47:54'),
('6','6','6','1980-03-02 15:14:21'),
('7','7','7','1979-04-12 06:47:56'),
('8','8','8','2014-05-05 09:45:17'),
('9','9','9','1996-12-16 13:43:17'),
('10','10','10','1991-07-02 16:45:56'),
('11','11','11','1992-02-02 10:06:07'),
('12','12','12','1977-02-18 13:26:00'),
('13','13','13','1996-02-20 08:58:52'),
('14','14','14','1970-08-30 21:24:04'),
('15','15','15','2019-11-15 03:21:39'),
('16','16','16','2008-07-20 06:07:06'),
('17','17','17','2002-06-11 20:13:40'),
('18','18','18','1977-01-10 02:48:35'),
('19','19','19','1976-11-29 10:08:35'),
('20','20','20','1971-04-07 07:51:32'),
('21','21','21','1985-10-13 04:06:55'),
('22','22','22','1994-03-07 19:33:09'),
('23','23','23','1983-02-11 11:02:44'),
('24','24','24','2007-04-18 22:08:13'),
('25','25','25','1987-10-22 09:39:19'),
('26','26','26','2009-11-15 21:36:31'),
('27','27','27','2002-07-19 15:26:25'),
('28','28','28','1980-05-27 00:18:13'),
('29','29','29','1981-10-24 14:23:23'),
('30','30','30','1999-07-28 16:56:14'),
('31','31','31','2007-11-10 19:13:40'),
('32','32','32','1991-09-13 09:50:49'),
('33','33','33','1973-01-18 18:16:40'),
('34','34','34','1994-05-05 13:18:42'),
('35','35','35','1978-05-06 02:43:58'),
('36','36','36','1991-05-02 09:11:31'),
('37','37','37','2002-09-05 01:24:09'),
('38','38','38','1977-01-23 17:38:36'),
('39','39','39','1978-06-16 15:21:20'),
('40','40','40','1982-07-02 14:23:45'),
('41','41','41','2005-09-18 23:07:00'),
('42','42','42','2013-10-31 12:16:04'),
('43','43','43','1988-10-25 11:23:42'),
('44','44','44','1975-04-16 23:58:20'),
('45','45','45','1982-08-26 12:41:12'),
('46','46','46','2018-02-12 09:14:11'),
('47','47','47','2009-06-27 03:17:34'),
('48','48','48','1984-06-23 03:14:31'),
('49','49','49','1995-09-06 09:58:25'),
('50','50','50','1977-05-10 09:17:39'),
('51','51','51','1977-11-24 08:50:14'),
('52','52','52','1999-10-07 23:24:29'),
('53','53','53','2011-12-08 05:23:13'),
('54','54','54','1970-02-12 20:41:04'),
('55','55','55','1989-10-09 23:21:57'),
('56','56','56','2016-02-10 11:08:11'),
('57','57','57','2014-09-28 00:21:02'),
('58','58','58','1977-08-08 18:13:33'),
('59','59','59','1993-07-22 07:07:12'),
('60','60','60','1980-09-25 20:27:09'),
('61','61','61','2001-10-20 02:46:20'),
('62','62','62','1977-02-23 07:44:39'),
('63','63','63','2005-11-24 12:48:06'),
('64','64','64','1976-08-01 23:42:35'),
('65','65','65','1971-01-21 11:03:13'),
('66','66','66','2006-07-19 11:03:55'),
('67','67','67','1973-10-25 16:26:23'),
('68','68','68','1986-12-10 16:58:38'),
('69','69','69','2018-08-17 00:23:16'),
('70','70','70','1971-11-03 20:26:13'),
('71','71','71','2007-04-11 01:32:07'),
('72','72','72','2000-11-29 09:56:31'),
('73','73','73','2016-04-12 21:10:00'),
('74','74','74','1981-07-12 19:33:36'),
('75','75','75','1995-11-15 09:13:41'),
('76','76','76','1974-01-08 07:01:23'),
('77','77','77','1970-12-25 20:01:48'),
('78','78','78','2019-10-25 23:48:50'),
('79','79','79','2000-10-20 21:19:05'),
('80','80','80','2020-01-26 13:37:38'),
('81','81','81','1978-07-23 01:19:16'),
('82','82','82','2016-03-30 09:51:35'),
('83','83','83','1992-06-16 04:20:57'),
('84','84','84','1992-02-13 16:21:03'),
('85','85','85','1972-05-25 03:06:22'),
('86','86','86','1998-05-01 11:34:15'),
('87','87','87','2007-05-31 22:57:15'),
('88','88','88','2007-01-05 03:05:47'),
('89','89','89','2004-01-24 11:22:05'),
('90','90','90','1983-09-22 09:50:42'),
('91','91','91','1989-08-30 09:55:54'),
('92','92','92','2016-08-17 04:44:22'),
('93','93','93','1972-10-23 06:13:59'),
('94','94','94','1980-11-19 01:23:34'),
('95','95','95','2016-03-06 15:42:21'),
('96','96','96','1986-06-05 03:05:48'),
('97','97','97','2000-01-11 10:38:21'),
('98','98','98','1988-02-07 18:10:26'),
('99','99','99','2019-10-23 19:25:41'),
('100','100','100','1977-02-07 07:08:56'); 


DROP TABLE IF EXISTS `media`;
CREATE TABLE `media` (
  `id` bigint(20) unsigned NOT NULL AUTO_INCREMENT,
  `media_type_id` bigint(20) unsigned NOT NULL,
  `user_id` bigint(20) unsigned NOT NULL,
  `body` text COLLATE utf8_unicode_ci DEFAULT NULL,
  `filename` varchar(255) COLLATE utf8_unicode_ci DEFAULT NULL,
  `size` int(11) DEFAULT NULL,
  `metadata` longtext CHARACTER SET utf8mb4 COLLATE utf8mb4_bin DEFAULT NULL,
  `created_at` datetime DEFAULT current_timestamp(),
  `updated_at` datetime DEFAULT current_timestamp() ON UPDATE current_timestamp(),
  PRIMARY KEY (`id`),
  KEY `user_id` (`user_id`),
  KEY `media_type_id` (`media_type_id`),
  CONSTRAINT `media_ibfk_1` FOREIGN KEY (`user_id`) REFERENCES `users` (`id`),
  CONSTRAINT `media_ibfk_2` FOREIGN KEY (`media_type_id`) REFERENCES `media_types` (`id`)
) ENGINE=InnoDB AUTO_INCREMENT=101 DEFAULT CHARSET=utf8 COLLATE=utf8_unicode_ci;

INSERT INTO `media` VALUES ('1','1','1','Id soluta quidem magnam sed consequatur rem aliquam. Itaque enim repellat consectetur. Veniam deleniti dolorem sed et voluptatum. Aspernatur reprehenderit error aut fuga quibusdam modi cumque.','quis','2965434',NULL,'1998-02-01 21:24:09','1975-09-12 23:09:56'),
('2','2','2','Pariatur suscipit suscipit porro quia. Odit architecto itaque voluptates est. Exercitationem aut repudiandae unde quisquam ab.','neque','304757928',NULL,'2019-07-07 23:31:45','1998-01-09 11:47:35'),
('3','3','3','Sed aut molestiae omnis quo et. Aspernatur blanditiis voluptatibus quis. Quidem ipsum sed vitae voluptas voluptas. Architecto perferendis qui maiores quae possimus rerum.','et','4',NULL,'2007-03-26 17:23:05','1995-03-30 05:20:50'),
('4','4','4','Aliquam consequatur voluptatum voluptate saepe reiciendis non. Tempora corrupti consectetur dolorem impedit. Debitis optio temporibus minima molestias.','voluptates','7026404',NULL,'1974-01-19 22:31:29','1997-05-19 22:27:01'),
('5','5','5','Voluptas ut quibusdam ad beatae consequatur. Soluta rem quam quis ut omnis. Nobis unde natus fugit eaque vero numquam. Cumque quaerat eum modi facere odio omnis sit animi.','sunt','201712',NULL,'1984-07-01 16:28:49','2017-03-23 23:28:50'),
('6','6','6','Dolor minima quia dolorum nam accusantium eligendi voluptatem minus. Quia quia natus saepe dolores voluptas distinctio autem reiciendis. Ducimus ut quas alias.','sint','0',NULL,'2002-06-17 13:51:51','2012-05-23 00:16:10'),
('7','7','7','Eum ea omnis corrupti omnis occaecati enim. Nulla explicabo quia deleniti voluptatem in. Maxime omnis aut distinctio harum. Reiciendis debitis saepe assumenda culpa eos non.','architecto','68',NULL,'2008-12-29 00:39:31','1978-06-30 15:23:40'),
('8','8','8','Ipsa reiciendis rerum eos placeat. Sint sapiente consequuntur qui. Dolore sint unde deleniti et qui nihil velit. Reprehenderit eum minima voluptate voluptatem velit ea.','illum','6880509',NULL,'1993-10-25 08:23:35','1999-05-31 02:11:25'),
('9','9','9','Minima quia quam iure. Delectus dolor magni dolores. Autem ea at est quo consequatur. Tempora quo expedita labore.','qui','6045',NULL,'2006-06-22 23:31:16','1996-04-10 01:54:05'),
('10','10','10','Porro porro sunt totam eos ex. Repellendus velit eligendi quam nihil hic ullam. Quas voluptatem occaecati id non. Perferendis fugiat dolorem iusto.','laudantium','21248',NULL,'1980-06-16 20:15:43','1979-08-09 00:41:55'),
('11','11','11','Voluptatibus veritatis repudiandae odit omnis laborum quia sed. Dolorem et aut fugit sint. Soluta eum labore sint veritatis. Officiis quia voluptatem rerum ut rerum quis.','sunt','8531',NULL,'2004-11-14 23:33:44','1997-08-26 21:25:06'),
('12','12','12','Libero fugiat labore est voluptas eos saepe dolore. Aut tenetur sit nisi accusantium odit aliquam. Nulla nostrum recusandae molestiae eaque pariatur vel.','eos','0',NULL,'1975-01-19 16:36:46','1995-08-02 08:14:37'),
('13','13','13','Corporis pariatur non animi veritatis mollitia. Consequatur at illum id id corrupti optio dolor eveniet. Sit vitae et ex repellendus. Voluptates sequi vel sit reiciendis enim alias.','debitis','4111',NULL,'2012-06-19 08:09:43','1988-01-21 18:06:34'),
('14','14','14','Repellendus cupiditate atque libero dolorum rem doloribus. Debitis itaque deserunt qui aut molestiae accusamus. Fugit temporibus amet neque sunt et repudiandae. Iste tempora et quia vel mollitia ipsam aut.','nostrum','0',NULL,'2012-10-21 08:44:39','2000-10-16 22:03:59'),
('15','15','15','Est ut temporibus ea est et dolores. Veritatis deserunt sit amet unde. Praesentium occaecati facere officia tenetur et voluptas. Facere quidem alias consectetur eveniet quo nemo deleniti fugiat.','vel','864054117',NULL,'2014-10-30 08:59:38','1976-12-29 02:24:24'),
('16','16','16','Accusantium perspiciatis ut voluptatem. Praesentium autem minima ex nesciunt maiores. Corporis labore maiores dolores et eveniet dignissimos quisquam. Et laboriosam eum provident fugit. Dicta dolorem culpa facilis enim.','laboriosam','4062882',NULL,'1973-06-29 22:48:36','1999-03-06 02:28:22'),
('17','17','17','Enim et porro quia illum inventore eligendi quae nemo. Molestiae ipsa harum labore qui ducimus rerum sit. Dolor mollitia est temporibus ipsa qui.','voluptatibus','96821',NULL,'2017-04-30 22:47:31','1996-12-25 06:26:20'),
('18','18','18','Sunt earum ratione vero illum. Incidunt est itaque nisi doloribus qui cum et. Vel numquam debitis aperiam praesentium similique reprehenderit aut omnis. In eaque excepturi minus doloremque quod.','error','7',NULL,'1999-12-07 06:55:39','2018-03-18 18:54:01'),
('19','19','19','Iure rerum assumenda aperiam culpa qui ullam. Dolore recusandae fuga quae dolores nam sint necessitatibus illum. Aperiam atque vitae dignissimos sed aperiam.','quis','36669995',NULL,'1991-03-26 23:01:50','1994-09-13 20:47:03'),
('20','20','20','Eligendi ut voluptatum aut quisquam vel rerum. Recusandae sunt qui fugit cum nam a eos. Qui eos libero voluptatem pariatur vel animi ad.','aspernatur','60204',NULL,'2017-10-19 19:31:09','1996-09-04 10:49:18'),
('21','21','21','Dolorum placeat accusantium laudantium consequuntur eos. Ut culpa cupiditate ex voluptas. Odio ut sed nostrum facere est pariatur eaque sit. Aspernatur sit temporibus sunt aut animi odit aut.','dolorem','0',NULL,'1986-05-29 12:38:34','1986-07-12 16:00:23'),
('22','22','22','Et quia dignissimos illo autem. Inventore numquam sit quas quae explicabo.','dolorum','36671188',NULL,'2006-09-21 07:23:56','1994-06-07 02:47:57'),
('23','23','23','Ducimus architecto ad totam est et recusandae suscipit. Laboriosam nam ducimus et non. Quia neque et totam nihil ea molestiae. Est ad rerum quae.','harum','3406',NULL,'1972-07-29 09:11:08','1971-11-19 09:18:16'),
('24','24','24','Et placeat dolorem qui voluptatibus id harum aliquid. Dolor et vel distinctio quasi sequi architecto et. Asperiores ea aut reprehenderit reprehenderit.','quo','63',NULL,'1973-06-25 04:35:28','2015-07-04 23:25:38'),
('25','25','25','Reiciendis laborum corporis eligendi beatae sed sit. Fugit ullam laudantium in error sint in delectus. Porro aut dolore nihil quisquam dolores. Praesentium nostrum dolor porro reiciendis fuga est quaerat.','recusandae','77771176',NULL,'2015-08-12 05:09:34','2007-07-06 10:32:05'),
('26','26','26','Illo quis vel et id consectetur et. Et et est ea qui consequatur. Accusantium perferendis ipsum ea temporibus velit expedita.','cum','4',NULL,'1995-03-12 12:05:33','1979-10-03 11:54:06'),
('27','27','27','Quia aspernatur rem nostrum quidem ut iste. Consequatur incidunt qui eum odit ut porro dolor. Ut fuga labore sunt cumque asperiores consequuntur. Beatae suscipit voluptatibus eum laudantium veniam tempore.','doloribus','63847',NULL,'1971-08-26 03:07:33','1991-06-23 19:13:28'),
('28','28','28','Voluptate id eveniet corporis velit. Nemo dolor occaecati eum voluptas. Distinctio et repudiandae quas odit error quas nostrum. Rerum tempora sed corporis rem assumenda. Sed numquam neque molestiae enim saepe et atque et.','molestiae','2922',NULL,'1993-04-06 01:47:18','1997-07-31 22:11:47'),
('29','29','29','Aut modi corporis eius corrupti amet minima. Sed quibusdam atque ut ut. Iste eos laboriosam qui atque.','mollitia','0',NULL,'1983-12-24 08:38:26','1982-04-27 11:46:28'),
('30','30','30','Quod quo voluptatem atque. Ut voluptatem id dignissimos ut. Ea asperiores facere recusandae delectus et sunt laboriosam.','necessitatibus','65088',NULL,'2004-03-05 19:56:17','2001-09-21 00:50:54'),
('31','31','31','Occaecati non delectus dolorem repellat exercitationem. Velit consequatur ab dolores quae iste. Non dolorum aspernatur quo. Eum qui blanditiis aut est voluptates quae dignissimos.','repellat','34342',NULL,'1988-05-28 15:33:42','2017-10-03 01:01:52'),
('32','32','32','Aliquid non suscipit dolorem eum cum unde est. Molestias iste iste voluptatem ut. Illum nam in et labore quo. Et culpa sunt quos ducimus.','debitis','9676750',NULL,'1999-06-10 17:49:00','1988-01-03 19:22:05'),
('33','33','33','Quidem non voluptatum veritatis eius sed tenetur sapiente. Dignissimos sit aut iste. Ut aut voluptatem qui molestiae qui quia dignissimos.','laborum','93',NULL,'1990-10-15 23:02:25','1984-07-12 11:53:00'),
('34','34','34','Nostrum repellendus aut mollitia facere dicta. Repudiandae qui iusto doloremque qui.','sit','340006723',NULL,'1981-05-18 09:26:37','2000-11-16 10:08:27'),
('35','35','35','Ut alias non temporibus aut pariatur et ipsam. Sapiente ut ducimus sed et. Ducimus consequuntur qui sequi ut consequatur possimus saepe. Recusandae aut qui repudiandae molestias. Non reiciendis rerum porro est non.','molestiae','81',NULL,'1988-07-02 14:30:33','1975-06-02 19:34:22'),
('36','36','36','Fugiat accusamus quasi et laudantium. Ipsum numquam nam necessitatibus sunt at. Deserunt delectus quibusdam culpa rerum maxime voluptatem. Omnis cumque non ullam neque non suscipit.','odio','63397',NULL,'2019-12-21 19:56:26','1996-01-19 01:04:27'),
('37','37','37','Quae ab enim est nihil quos recusandae. Minima id nulla deserunt quia ut. Atque qui hic iure dolorem.','quas','34',NULL,'2009-03-14 19:55:56','2016-11-26 13:17:01'),
('38','38','38','Id distinctio est est repudiandae aut ut. Eum architecto qui cumque incidunt est cum optio. Ea molestiae natus soluta adipisci. Est labore fugit vel deleniti eaque aut eum.','repudiandae','8137479',NULL,'1976-11-22 20:51:35','2003-02-21 00:00:19'),
('39','39','39','Sint corporis sed iste impedit. Inventore iste facilis amet dolor placeat exercitationem qui. Voluptatem sit aspernatur porro vero.','dolorum','60405',NULL,'1997-05-03 14:02:04','1989-10-10 07:54:44'),
('40','40','40','Sunt et natus et sed accusantium. Cumque id nihil aut rerum non ut. Non dignissimos at ut ea nulla nulla.','fuga','31',NULL,'1974-06-13 00:18:19','2000-03-03 03:02:58'),
('41','41','41','Illum quis molestiae laborum numquam odio eum eos illo. Aperiam cumque aut nesciunt non eum rerum.','cumque','53',NULL,'2001-06-24 17:17:35','1997-03-29 01:39:06'),
('42','42','42','Beatae qui quis laudantium ducimus. Asperiores quia sed cumque quo voluptatem impedit. Minima dolorem asperiores vel laboriosam maxime doloremque. Ut harum eveniet ratione velit.','doloremque','1308511',NULL,'1986-05-21 09:12:41','2006-04-02 23:18:33'),
('43','43','43','Non quasi magni nam aut cum libero. Provident saepe voluptate culpa ea praesentium ullam qui. Ut consequatur nulla suscipit harum. Ut non est maiores et eum.','vel','45007',NULL,'1982-05-17 03:30:24','1993-03-14 09:10:23'),
('44','44','44','Omnis eum alias voluptatem exercitationem non et laboriosam laboriosam. Nisi et voluptatibus quaerat non minus praesentium eligendi. Aut dicta id est commodi quis doloribus eligendi. Quo ut quaerat blanditiis quasi qui similique cupiditate cupiditate.','debitis','0',NULL,'2006-11-03 02:47:51','1996-12-21 14:28:19'),
('45','45','45','Facilis id praesentium expedita omnis. Voluptatem tempora est suscipit magni quis consequatur. Unde maxime doloribus rerum quam cumque aut. Voluptas odio aliquam expedita magnam.','aliquid','51038242',NULL,'2010-09-04 08:25:45','1998-11-04 00:30:37'),
('46','46','46','Nisi aut quaerat earum qui. Eligendi sit alias eius ut reiciendis. Veritatis commodi voluptatem maiores sint. Dolore facere aut a consequatur alias.','pariatur','492',NULL,'1995-10-31 20:19:09','1983-03-17 23:41:01'),
('47','47','47','Optio commodi est sed id et placeat quia. Distinctio voluptatem labore laborum. Culpa beatae ea suscipit quo voluptatem. Facere doloribus ipsam et nulla quisquam sapiente.','nulla','861',NULL,'2000-08-29 08:26:40','1978-12-05 06:36:58'),
('48','48','48','Aut dolorum perspiciatis quia minima quia ipsum. Eos illum non impedit quo assumenda culpa. Reprehenderit omnis aut quod voluptas. Nostrum nulla id non dignissimos occaecati qui.','et','4823844',NULL,'2003-08-04 19:51:12','2014-02-14 21:29:04'),
('49','49','49','Cumque expedita voluptatum praesentium enim. Blanditiis rem ab sit necessitatibus rem. Rem aut velit quis ipsum dolores. Laboriosam nemo et quia sed odio ratione. Mollitia sed qui sed similique dolor.','facere','4',NULL,'1999-12-25 17:35:25','1976-04-22 11:50:20'),
('50','50','50','Dicta fugiat consequatur ratione autem. Saepe reprehenderit officiis vitae ut vero modi. Laborum nihil eos laboriosam.','itaque','1035127',NULL,'1977-05-03 05:02:27','1995-04-16 17:18:05'),
('51','51','51','Corrupti laboriosam commodi accusamus doloribus totam incidunt aliquam. Omnis assumenda nulla nostrum sit omnis.','accusantium','81268',NULL,'1977-10-26 04:09:18','1971-05-27 00:35:15'),
('52','52','52','Rerum unde corrupti est consequatur quaerat quos. Adipisci quia est deserunt id non totam et. Ex suscipit tempora quidem adipisci inventore illo et veniam.','eos','70463670',NULL,'1999-08-20 00:55:03','2012-09-06 15:28:53'),
('53','53','53','Quasi facilis id et facilis aut et. Consequuntur et quis ratione. Repudiandae adipisci dolore tempora quis illum hic tempore. Qui neque praesentium voluptatem consectetur velit.','architecto','8421',NULL,'2004-10-15 12:28:24','2003-01-14 16:44:20'),
('54','54','54','Ut qui quia dignissimos laudantium nihil vero. Qui eos molestias ut architecto. Fugit dolorem accusantium mollitia ut voluptatem in. Velit ut cum nemo similique qui rem.','eius','82624',NULL,'1978-02-24 07:48:02','1989-08-10 14:05:17'),
('55','55','55','Vel consectetur minus sed cumque fugit et sapiente. Et est inventore placeat eos aut. Eaque accusamus facilis temporibus minus dolore. Quas praesentium aut cum qui.','iure','664',NULL,'2019-02-20 16:23:03','1985-06-16 22:09:27'),
('56','56','56','Consequuntur cumque in aspernatur quia sed fugiat. Dolores quam molestiae error sint ut numquam. Aut doloribus qui aut enim omnis ipsum.','laboriosam','4',NULL,'2013-10-28 04:11:56','2009-06-26 18:38:12'),
('57','57','57','Nemo molestiae dignissimos fugiat amet nulla. Earum vel quis et quis quis et dolorem aspernatur. Quas magni aut et nihil ad atque libero. Dolorem in animi deserunt.','consequatur','346508',NULL,'1980-05-22 03:25:41','2005-02-07 20:10:35'),
('58','58','58','Voluptas nisi accusamus quis dolore fugit laboriosam. Qui ut tempora occaecati et. Quo quae nemo consectetur fugiat inventore neque.','quis','936545',NULL,'2007-06-04 06:49:32','1973-05-16 05:35:11'),
('59','59','59','Qui nostrum beatae quasi officia officiis veniam nihil. Nulla reiciendis iste quam voluptatem vero. Vitae fugit similique vero debitis ullam.','natus','924619',NULL,'2016-01-14 04:26:10','2010-11-16 23:02:15'),
('60','60','60','Atque aut est adipisci voluptas. Ratione explicabo iusto enim iusto dolor hic. Veritatis sapiente quas et. Molestias omnis nihil ut qui dignissimos neque. Sed neque earum fugiat rerum rerum quis ullam.','non','4961',NULL,'1977-09-23 03:28:39','2007-10-16 19:22:12'),
('61','61','61','Nihil omnis voluptas quisquam itaque rem. Quia illo fuga magnam sed numquam perspiciatis corrupti numquam. Odio explicabo praesentium ipsa suscipit aut qui non. Cum quibusdam iure quia similique sint laudantium. Velit autem enim omnis totam mollitia sunt.','ut','268622',NULL,'1991-02-17 21:07:00','2014-03-21 05:37:17'),
('62','62','62','Veniam possimus voluptatum velit rerum. Aut ut totam possimus animi id. Eaque suscipit illo distinctio enim ea nulla temporibus. Exercitationem consequuntur aut dicta quia dolorum incidunt consectetur nobis. Incidunt commodi ut dicta nemo totam deserunt.','necessitatibus','6339590',NULL,'1971-05-22 04:42:26','2005-08-07 17:44:55'),
('63','63','63','Eius consectetur voluptatem similique velit. Quo placeat eius commodi nulla corporis.','praesentium','702',NULL,'1982-03-14 21:07:17','2017-12-16 16:28:57'),
('64','64','64','A et ipsam ut at natus ab sunt recusandae. Aliquid quia quia ducimus doloremque laboriosam. In quo nihil consequatur adipisci.','cupiditate','3671',NULL,'2016-10-10 16:34:19','2004-04-30 15:38:08'),
('65','65','65','Voluptatem eaque sapiente adipisci officiis. Qui enim voluptas est sed. Ut commodi assumenda similique vitae iusto. Voluptatem vitae voluptate dolorem possimus ratione doloribus ut quasi.','consequatur','40397672',NULL,'1970-08-07 14:55:09','1997-02-21 06:54:54'),
('66','66','66','Ducimus fuga itaque earum odio dolorum aut voluptates eligendi. Nisi tempore est est. Natus sunt non sapiente est ad ab aperiam. Consequatur dolore ex repellendus est.','repellat','78210345',NULL,'2003-05-24 18:19:27','1983-02-15 10:56:34'),
('67','67','67','Eum ipsa suscipit quo voluptas nesciunt est facere. Labore possimus facere laboriosam nam neque et odio. Rerum numquam qui deserunt saepe voluptatem dolores esse. Enim qui omnis quas a ea.','corporis','450941423',NULL,'1981-09-17 09:19:46','1984-08-15 12:41:18'),
('68','68','68','Cumque distinctio velit inventore odit. Magnam qui omnis eaque alias culpa. Eligendi excepturi dolores dolor. Ullam dolores omnis laboriosam non.','est','6966',NULL,'1980-12-23 22:04:18','1999-02-14 05:26:17'),
('69','69','69','Sequi veniam quo expedita quam minus qui. Quas maiores sint rerum veniam quisquam pariatur. Voluptatem sint dignissimos voluptas ut est non quisquam.','iusto','87562569',NULL,'1995-03-23 09:34:14','1974-05-21 14:12:42'),
('70','70','70','Ratione itaque inventore ipsam rerum rerum architecto et laboriosam. Asperiores in provident sed qui. Delectus libero quo repellendus ad impedit. Sit recusandae dolore iure nam aut aut.','quasi','1760',NULL,'1989-01-28 13:58:37','1976-09-07 05:08:04'),
('71','71','71','Dolor repellendus ea impedit aspernatur excepturi quasi consectetur. Quaerat quibusdam adipisci eaque aut saepe. Repellat suscipit ex eius quae animi repudiandae. Voluptatem consequatur nostrum voluptate aut architecto tenetur.','quia','0',NULL,'1982-02-26 17:11:51','2016-09-29 16:24:44'),
('72','72','72','Consectetur illum enim et beatae sit aut. Dicta sunt recusandae iste inventore. Assumenda veritatis voluptatem laborum dignissimos ducimus totam ipsum non.','quaerat','5298',NULL,'1998-10-03 22:12:02','2010-04-25 20:27:02'),
('73','73','73','Ea sunt libero illo commodi aut. Enim recusandae eaque dolores veritatis voluptas omnis officiis corporis. Qui autem eos architecto pariatur doloremque ullam et.','adipisci','665',NULL,'1975-08-14 04:19:53','2003-06-29 09:21:12'),
('74','74','74','Voluptate excepturi et pariatur tempora voluptatem voluptatem aut. Porro magni vel odit pariatur beatae et dolorem consequatur. Enim aspernatur et nam vel quia et. Distinctio dolorem aut doloremque laborum fuga fugiat unde magni.','sit','12631506',NULL,'2011-05-23 20:55:27','2006-12-14 03:58:03'),
('75','75','75','Tempora nemo odio quia in provident. Unde quos in voluptas excepturi doloribus. Rerum vel molestiae libero nihil.','temporibus','996',NULL,'2006-02-17 20:27:26','1972-04-22 17:49:03'),
('76','76','76','Quia vero quidem consequatur quia hic deleniti est cumque. Et voluptas quis voluptatem rerum.','vero','780007',NULL,'2001-04-10 08:33:37','1978-03-06 05:04:27'),
('77','77','77','Quos sed quam id nihil autem aut. Non perspiciatis sequi sit. Rerum atque ut nobis tempora dicta nisi.','cupiditate','1322',NULL,'2010-10-10 12:20:44','2014-04-28 19:39:54'),
('78','78','78','Ut voluptatem quia dolorem. Eveniet commodi libero et eos facilis.','vel','9',NULL,'1970-11-03 05:49:24','1984-02-13 22:58:47'),
('79','79','79','Ipsam aut nam vel sint et quia. Praesentium necessitatibus neque quam vel voluptate quod nihil. Et porro quo quo voluptatem vero est perferendis. Delectus quidem quasi qui delectus temporibus provident.','dicta','64792',NULL,'1992-05-28 13:59:07','2000-07-13 06:34:21'),
('80','80','80','Sed beatae iusto quis. Ut animi et officia aut rerum. Vel eligendi qui voluptatem similique officia repellat at ipsum. Atque quae quae repellat.','velit','0',NULL,'1999-05-21 11:37:12','1977-11-04 18:04:17'),
('81','81','81','Earum omnis qui ipsum. Est sed voluptatem quos aut hic eos rem.','asperiores','755',NULL,'1977-01-04 02:48:47','1987-07-30 14:24:30'),
('82','82','82','Rerum et et commodi veritatis autem libero nostrum. Deserunt harum at enim veritatis autem qui qui aperiam. Aut harum minus beatae voluptate rem. Impedit aliquid optio voluptatem quos minus rerum dolorem.','inventore','0',NULL,'1990-04-07 06:02:56','2003-09-30 01:25:52'),
('83','83','83','Eius enim aperiam vitae modi minus. Similique nisi amet aliquam voluptatem repudiandae occaecati aspernatur. Debitis eaque est qui eum aliquam et.','voluptatem','774255',NULL,'2001-05-30 21:45:41','1992-02-23 14:19:02'),
('84','84','84','Iusto sit aliquam fugit et voluptatem sed. Molestiae nam officiis rem et perferendis fugiat quia. Nostrum voluptatum unde maxime ea.','officia','0',NULL,'2011-05-26 09:53:10','1998-10-10 19:28:12'),
('85','85','85','Sed quae adipisci ullam nam odio. Alias qui aspernatur voluptate cupiditate consectetur ut voluptatibus. Neque aut consequatur vero nesciunt a eos rerum eaque. Inventore dolorem ea sint. Eius aperiam id omnis.','sunt','452',NULL,'1978-12-06 03:08:27','1992-06-30 03:12:58'),
('86','86','86','Hic natus recusandae eum facilis qui. Sed dicta dignissimos hic magni ea. Reiciendis quia vitae ut expedita beatae. Enim maiores quae ab sunt aut aut odit.','qui','310',NULL,'1975-11-21 03:24:59','2003-06-29 23:16:53'),
('87','87','87','Ut minima perspiciatis aut natus cumque ut sunt. Perspiciatis est qui ex quo repellat vitae. Amet tempore amet molestiae et perspiciatis beatae qui.','cupiditate','29338',NULL,'1998-11-06 17:42:40','2005-01-14 01:27:29'),
('88','88','88','Repellendus dolor qui iste quo et unde debitis. Quam illum voluptas totam laudantium aperiam error molestias. Aut laborum harum qui sed hic aliquam.','laborum','2041373',NULL,'1988-10-23 11:53:53','1990-04-14 06:34:02'),
('89','89','89','Ad explicabo dolores dolores velit deserunt debitis. Asperiores et sunt dolorem rerum. Quidem natus adipisci voluptas.','laborum','67',NULL,'2007-05-17 02:56:09','1992-11-11 06:56:22'),
('90','90','90','Dolores in unde hic vel quam. Expedita cumque fugiat amet quam provident molestiae non. Cupiditate a veritatis est sed. Repudiandae autem qui veritatis alias quod et eum. Odio libero sapiente sit harum quos.','sed','77253123',NULL,'2004-10-07 18:56:15','1992-02-21 18:27:46'),
('91','91','91','Eos sunt qui consequuntur magnam. Molestias qui qui quia laboriosam enim iste maxime ut. Illo repudiandae aut quo numquam dolorum.','ut','0',NULL,'2015-07-20 23:19:16','1986-04-18 19:03:10'),
('92','92','92','Quibusdam dolor est unde odio. Blanditiis voluptas quia quia. Sunt ea illo voluptatem est corporis porro saepe. Non nisi veritatis et.','assumenda','1216',NULL,'1997-11-14 13:52:46','2007-10-26 12:08:52'),
('93','93','93','Harum eveniet unde voluptatem non ad et. Ut et ut qui et amet. Qui aut velit velit error eaque velit.','et','96',NULL,'1986-12-13 05:25:11','1979-06-20 05:38:14'),
('94','94','94','Animi dolorem earum ipsam corrupti non. Officiis eaque voluptatem rerum delectus. Quis voluptatem ut aut harum ipsum voluptate maiores. Itaque quam voluptatem aut voluptatem qui dignissimos et.','in','30',NULL,'1991-06-28 19:47:16','2012-05-04 15:32:27'),
('95','95','95','Quisquam aut occaecati molestias sint vero necessitatibus qui. Aut consequatur sequi illum at vitae explicabo aut. Fugit maiores iure porro aliquam animi.','rerum','17291',NULL,'1994-08-30 05:31:33','1984-04-17 18:39:24'),
('96','96','96','Tenetur commodi asperiores minima architecto earum. Dolorem et soluta sint quisquam mollitia dolores. Vitae sit earum quod aut. Eligendi recusandae ut quidem excepturi eligendi provident.','illo','0',NULL,'1985-08-18 04:25:01','2011-09-13 14:32:29'),
('97','97','97','Est quod voluptatem rerum laudantium voluptas consequatur rerum. Sint iusto ut voluptatem eos suscipit perferendis. Incidunt omnis quam quo id necessitatibus. Dolorum omnis necessitatibus ut mollitia maxime.','recusandae','1',NULL,'2006-01-08 18:30:02','1994-05-11 09:01:59'),
('98','98','98','Autem optio ea recusandae quae. At corrupti optio sunt sed maiores autem. Dolorem voluptatem consequuntur non quod eaque sunt. Voluptate et qui est amet eius architecto eligendi. Unde exercitationem dolor et.','sit','881767',NULL,'2010-10-12 07:42:19','1982-06-25 11:08:45'),
('99','99','99','Fugit alias iusto libero ad a. Sint nulla hic at molestiae dolor aut deleniti.','repudiandae','798',NULL,'2003-03-09 05:21:00','2000-06-21 04:40:40'),
('100','100','100','Non corporis commodi ex error aut nam. Illum necessitatibus quo temporibus velit. Eos at amet dicta corrupti itaque.','laborum','96508',NULL,'1983-10-20 08:49:03','1997-02-19 17:57:26'); 


DROP TABLE IF EXISTS `media_types`;
CREATE TABLE `media_types` (
  `id` bigint(20) unsigned NOT NULL AUTO_INCREMENT,
  `name` enum('Pictures','Videos','Music','Posts') COLLATE utf8_unicode_ci DEFAULT NULL,
  `created_at` datetime DEFAULT current_timestamp(),
  PRIMARY KEY (`id`)
) ENGINE=InnoDB AUTO_INCREMENT=101 DEFAULT CHARSET=utf8 COLLATE=utf8_unicode_ci;

INSERT INTO `media_types` VALUES ('1','Videos','2016-06-23 02:22:51'),
('2','Videos','1995-08-18 23:52:50'),
('3','Pictures','1978-04-20 11:41:59'),
('4','Music','1997-03-14 17:02:04'),
('5','Music','2018-02-01 11:07:49'),
('6','Videos','2017-05-14 00:42:40'),
('7','Music','1987-08-14 00:04:58'),
('8','Pictures','2009-03-22 04:24:56'),
('9','Pictures','1998-09-10 02:38:40'),
('10','Videos','1970-11-04 12:17:44'),
('11','Videos','1978-06-26 21:55:00'),
('12','Posts','1975-06-20 10:19:37'),
('13','Posts','2013-04-30 07:33:05'),
('14','Pictures','2016-10-28 23:32:49'),
('15','Videos','1986-08-04 16:53:20'),
('16','Pictures','1988-09-01 19:35:17'),
('17','Music','1981-10-10 07:08:00'),
('18','Pictures','2019-03-13 09:08:59'),
('19','Pictures','1998-05-21 03:15:03'),
('20','Posts','2009-01-11 16:53:27'),
('21','Posts','1989-04-30 16:41:52'),
('22','Pictures','1973-11-03 07:21:37'),
('23','Videos','2012-06-23 17:59:22'),
('24','Pictures','1997-03-14 03:25:16'),
('25','Videos','2000-02-25 21:42:09'),
('26','Music','1975-01-27 11:53:10'),
('27','Videos','1974-03-26 04:17:56'),
('28','Videos','1994-08-02 14:46:18'),
('29','Posts','2011-07-22 16:35:25'),
('30','Posts','2006-05-22 03:59:30'),
('31','Videos','2006-03-16 03:07:44'),
('32','Music','1986-03-14 13:52:38'),
('33','Posts','2010-06-25 00:45:55'),
('34','Posts','1980-06-01 14:08:07'),
('35','Pictures','1977-05-25 13:54:02'),
('36','Pictures','1996-09-01 07:29:34'),
('37','Pictures','2007-08-09 04:00:55'),
('38','Pictures','1997-09-27 07:02:56'),
('39','Posts','2007-01-26 16:45:50'),
('40','Music','1982-03-06 19:54:01'),
('41','Music','2008-11-28 00:28:43'),
('42','Pictures','2002-09-06 09:50:23'),
('43','Posts','1988-10-25 04:24:02'),
('44','Music','2009-08-16 09:40:44'),
('45','Posts','2016-06-19 03:52:50'),
('46','Posts','1976-03-25 00:17:24'),
('47','Music','2004-03-13 11:01:08'),
('48','Posts','1971-03-17 05:07:41'),
('49','Pictures','1975-04-23 11:59:29'),
('50','Posts','2019-11-07 08:56:21'),
('51','Pictures','2008-10-11 14:33:15'),
('52','Music','1990-08-11 16:16:24'),
('53','Pictures','2013-05-19 04:42:13'),
('54','Pictures','1975-09-14 02:19:47'),
('55','Posts','1983-11-18 11:44:17'),
('56','Videos','2012-06-29 16:42:28'),
('57','Pictures','2003-02-20 00:19:53'),
('58','Posts','2011-06-23 01:26:56'),
('59','Videos','1995-12-18 06:48:58'),
('60','Pictures','1990-02-15 19:25:32'),
('61','Videos','2009-01-18 08:02:36'),
('62','Music','1986-08-05 06:27:49'),
('63','Music','2008-02-08 19:56:36'),
('64','Videos','2017-10-31 09:55:00'),
('65','Music','1981-03-09 01:42:21'),
('66','Videos','1995-04-11 01:22:50'),
('67','Music','2008-12-03 06:36:40'),
('68','Posts','1989-06-13 01:36:11'),
('69','Music','1986-10-23 15:48:08'),
('70','Pictures','1971-11-27 12:31:21'),
('71','Pictures','1996-06-08 21:59:37'),
('72','Videos','1997-12-05 12:51:44'),
('73','Posts','1979-10-24 16:12:04'),
('74','Videos','2016-07-12 21:52:02'),
('75','Videos','2014-07-02 04:51:22'),
('76','Posts','1971-07-06 02:48:59'),
('77','Videos','2006-03-11 14:03:05'),
('78','Posts','1996-03-17 08:13:53'),
('79','Pictures','2001-08-15 22:01:49'),
('80','Videos','2010-01-11 08:33:30'),
('81','Posts','2013-08-09 18:28:47'),
('82','Posts','1993-01-14 08:18:29'),
('83','Posts','1985-01-09 02:35:45'),
('84','Pictures','1989-07-07 06:59:57'),
('85','Posts','1975-03-15 01:45:51'),
('86','Pictures','2001-09-14 01:58:45'),
('87','Pictures','2002-06-03 01:19:18'),
('88','Videos','1983-09-08 11:14:01'),
('89','Posts','2005-10-06 15:07:48'),
('90','Videos','1972-05-14 09:45:07'),
('91','Posts','1992-12-26 15:23:23'),
('92','Pictures','2009-10-15 03:47:21'),
('93','Music','2005-06-18 01:06:59'),
('94','Pictures','2014-02-16 10:27:29'),
('95','Videos','1998-11-08 15:37:19'),
('96','Pictures','2013-11-22 10:18:32'),
('97','Pictures','1995-12-19 00:56:01'),
('98','Pictures','2009-11-08 10:16:42'),
('99','Posts','2017-09-11 02:31:02'),
('100','Music','1992-06-07 22:56:06'); 


DROP TABLE IF EXISTS `messages`;
CREATE TABLE `messages` (
  `id` bigint(20) unsigned NOT NULL AUTO_INCREMENT,
  `from_user_id` bigint(20) unsigned NOT NULL,
  `to_user_id` bigint(20) unsigned NOT NULL,
  `body` text COLLATE utf8_unicode_ci DEFAULT NULL,
  `created_at` datetime DEFAULT current_timestamp(),
  PRIMARY KEY (`id`),
  KEY `messages_from_user_id` (`from_user_id`),
  KEY `messages_to_user_id` (`to_user_id`),
  CONSTRAINT `messages_ibfk_1` FOREIGN KEY (`from_user_id`) REFERENCES `users` (`id`),
  CONSTRAINT `messages_ibfk_2` FOREIGN KEY (`to_user_id`) REFERENCES `users` (`id`)
) ENGINE=InnoDB AUTO_INCREMENT=101 DEFAULT CHARSET=utf8 COLLATE=utf8_unicode_ci;

INSERT INTO `messages` VALUES ('1','1','1','Numquam voluptatem blanditiis et voluptatibus hic impedit. Quis quo hic quam et ullam numquam. Ea ut et cumque eos. Est ipsum alias eum dolores ut.','1973-04-14 11:57:13'),
('2','2','2','Dolore maiores sunt inventore qui doloremque vero est. Possimus neque quia velit et. Ipsam quo molestiae aut error sit. Est qui commodi facilis repellat et nostrum. Et asperiores incidunt sit necessitatibus cum possimus.','1999-04-17 03:08:13'),
('3','3','3','Occaecati aperiam id perspiciatis consequuntur. Aut similique enim aut et et ea. Dolorem odio eligendi quia eaque repudiandae dignissimos ut.','2015-05-16 07:24:14'),
('4','4','4','Aut dolore et harum ullam quidem dolorem. Dolores est iste voluptate et error aperiam.','2000-04-01 03:38:03'),
('5','5','5','Tempore et mollitia vel delectus vero. Temporibus pariatur nesciunt neque qui deleniti iure et. Iusto ut non fugiat ad dolor vel alias.','1992-04-23 20:47:36'),
('6','6','6','Sed expedita aut omnis. Magni aperiam suscipit consequatur non natus. Maiores eius asperiores aliquid in possimus. Et sequi nihil ducimus eos aut cumque necessitatibus.','1981-08-13 13:04:07'),
('7','7','7','Ipsam aspernatur rem impedit autem. Ipsam incidunt nesciunt error magni ducimus dolor. Est molestiae rem cumque nulla architecto facere laudantium. Consequuntur reiciendis totam nulla sit reprehenderit neque sed.','1975-04-28 04:36:39'),
('8','8','8','Velit aperiam voluptas qui dolor non non. Aliquid autem reiciendis non voluptatem sunt saepe provident. Ducimus repudiandae maiores non optio blanditiis corporis. Consequuntur corporis alias placeat voluptate et sed harum. Neque sint mollitia quia beatae.','1985-09-02 08:01:34'),
('9','9','9','Dolorem voluptatem est qui voluptas ut natus. Qui libero officiis cupiditate doloremque et. Ad cum est dicta possimus.','2011-05-10 14:03:38'),
('10','10','10','Odit tenetur quia magni. Quam provident dolores accusamus est ut natus. Quam tempora quia eaque dolore.','1985-12-30 05:35:36'),
('11','11','11','Debitis consequuntur dolore adipisci et omnis ut facere. Corrupti modi tenetur ab maxime hic eos consequuntur.','1982-01-26 23:49:33'),
('12','12','12','Molestias vel sed voluptas labore itaque. Dignissimos nulla possimus necessitatibus. Exercitationem perspiciatis modi tempora veritatis omnis neque est.','2017-08-24 10:26:14'),
('13','13','13','Amet iusto dolorum sint necessitatibus nihil. Numquam est possimus ea nam aspernatur asperiores reiciendis. Cum id eius amet reprehenderit magnam. Impedit dolor molestiae optio fugiat provident et.','1989-09-16 10:06:01'),
('14','14','14','Facere et consequatur voluptas enim recusandae velit expedita facere. Consequatur vero quibusdam unde est recusandae. Accusamus saepe ad dignissimos perferendis ut neque.','1987-03-23 11:05:05'),
('15','15','15','Sit sed velit explicabo temporibus nobis autem aut. Quisquam consequatur iusto in consequatur aspernatur eveniet voluptatum aliquid. Non est aspernatur aut beatae hic voluptatem libero.','2004-07-19 05:56:57'),
('16','16','16','Dolorum ipsa corporis qui. Qui voluptatem necessitatibus eos expedita et et. Perspiciatis in dolores voluptatibus blanditiis consequatur repudiandae. Aperiam et blanditiis consequuntur quis eaque quos.','1995-12-27 22:59:10'),
('17','17','17','Repellendus nihil harum illum sed voluptas esse quam. Odio aut cumque id laborum quia ab iure. Delectus quaerat id cum et optio et.','2018-05-05 14:31:06'),
('18','18','18','Molestiae debitis recusandae deleniti quo. Cupiditate et sit dolor quo fuga quia. Doloremque eos non ea similique quidem architecto quasi omnis. Pariatur enim modi sed aut sunt saepe eius.','1980-03-01 12:19:31'),
('19','19','19','Necessitatibus qui exercitationem excepturi exercitationem facilis dolorem. Illo tenetur nihil aut praesentium. Velit debitis minus eius sed consectetur. Et quia sequi necessitatibus eius voluptatem delectus facilis autem.','1997-03-31 09:53:37'),
('20','20','20','Consequatur sunt dolorem dolorum. Quia animi unde dolor commodi et. Id quam est dicta sunt.','2011-06-24 04:35:06'),
('21','21','21','Nisi sed sequi veritatis dolorem et. Est nisi qui architecto quam doloremque velit qui. At voluptatem cumque autem. Dolor dolor at modi debitis laboriosam iure. Aliquid eligendi magnam qui velit maxime commodi qui.','1993-04-07 17:20:03'),
('22','22','22','Id aliquam praesentium temporibus nihil dignissimos. Explicabo possimus aperiam necessitatibus ullam voluptas fuga sit. Odit rerum tempore repellat est corrupti voluptate culpa. Dolor accusamus nisi et doloremque aut sit.','1978-06-18 04:41:21'),
('23','23','23','Atque impedit cupiditate doloremque eum perferendis exercitationem quo. Esse cumque ratione commodi. Sunt ad et dolor nihil eaque deserunt. Dignissimos accusantium qui ut sit quia perspiciatis culpa. Voluptate asperiores hic tempora necessitatibus iste earum libero assumenda.','1988-09-12 12:35:08'),
('24','24','24','Quos nulla mollitia ipsum voluptatem quasi possimus in. Incidunt eos repellat alias rem accusamus ratione voluptates. Temporibus in ratione fugit sed. Voluptatum earum numquam quia odio. Optio est dolorem est vel tempore asperiores.','1993-04-07 18:49:12'),
('25','25','25','Nesciunt ipsum id repellendus at iusto sequi minus adipisci. Optio explicabo cupiditate earum consequuntur quia velit soluta et. Molestias voluptatibus quam consequatur debitis aut. Aut totam reiciendis consequuntur sunt saepe est alias.','1996-12-02 18:56:57'),
('26','26','26','Molestiae debitis quidem ut repellat. Eos consectetur placeat enim dignissimos earum consequatur nemo. Aut minima tempore earum labore illo earum corrupti. Reprehenderit eos animi ut quasi.','1991-05-27 10:22:03'),
('27','27','27','Voluptatum necessitatibus ut assumenda sapiente est velit ut nulla. Labore autem sed recusandae unde vel impedit corrupti corrupti. Et aut enim sit et libero.','1975-02-08 00:59:22'),
('28','28','28','Blanditiis enim dolores voluptate in minus. Rerum est maiores tempora optio quasi autem voluptatibus. Tempore sit rem qui et quis. Nihil necessitatibus dignissimos assumenda placeat et optio.','1995-10-07 05:03:31'),
('29','29','29','Reiciendis labore eaque non autem aspernatur et. Qui alias delectus vero voluptatem omnis fugiat possimus. Sunt aut repudiandae consectetur maxime.','2019-03-09 08:04:14'),
('30','30','30','Aperiam aut similique quasi architecto consequatur. Porro dolore est eum minus excepturi ut incidunt.','2018-10-26 16:36:09'),
('31','31','31','Doloribus pariatur nisi est quas tempora qui. Ut nam voluptatum error dolores ut. Consequatur ex sed mollitia dolorem aut. Inventore nesciunt et cum autem laborum.','2015-05-08 02:58:08'),
('32','32','32','Aut quam amet minima tempore. Nihil iste voluptatum id rerum.','2016-08-14 13:51:55'),
('33','33','33','Quia facere qui quas sed autem aspernatur. Unde dolorem ut molestiae rerum provident et. Distinctio exercitationem quas ut repellendus consequatur iusto. Facere eos facilis id inventore consequatur labore.','2003-11-12 17:10:48'),
('34','34','34','Enim fuga esse quia veniam ea. Occaecati quo et officiis. Quo inventore velit totam eum voluptatem totam recusandae.','1978-01-30 20:55:02'),
('35','35','35','Aliquid consequatur accusamus deserunt dignissimos. Est quia eaque ut possimus suscipit porro. Qui provident nihil quasi.','2015-04-03 18:12:37'),
('36','36','36','Ab dolorem sunt debitis consequatur. Non soluta hic omnis quis non temporibus.','1984-11-11 23:57:05'),
('37','37','37','Beatae ducimus consequatur consequatur. Eius est odio necessitatibus qui optio sit. Nihil quos minima perferendis illum praesentium eos. Quia dicta ipsam animi autem aut.','1987-07-13 08:26:55'),
('38','38','38','Fugit nihil atque dignissimos id quae id dolore. Expedita repellendus a rerum molestiae. Eum rem sed commodi.','1981-01-12 22:17:29'),
('39','39','39','Ea rerum vel suscipit modi architecto quos. Aliquid inventore ratione quo iure.','1973-09-05 00:21:57'),
('40','40','40','Accusamus dolorem esse alias iusto voluptatibus. Sed ut id molestiae vero. Deleniti fugit sunt vero doloremque eaque consectetur id.','1982-01-12 05:12:13'),
('41','41','41','Quos eaque quia quis et pariatur tempore. Itaque debitis ad laboriosam laudantium ut.','1995-11-30 15:30:17'),
('42','42','42','Consectetur eius eius fugit qui et. Inventore laudantium rerum voluptas nam ut. Ab voluptatum et assumenda suscipit molestias. Ab impedit officia et aut.','2002-11-15 11:04:29'),
('43','43','43','Ut blanditiis molestias nostrum. Nesciunt labore expedita cupiditate assumenda quia ut eius laboriosam. Quia velit sit et blanditiis blanditiis non deserunt.','2005-03-03 04:24:09'),
('44','44','44','Dolore quas harum a corporis enim quaerat. Et ut et et iure sed dolorem dicta. Ea aut illum id autem. Nostrum enim exercitationem facilis et molestiae qui nihil fugiat.','1974-12-24 18:07:18'),
('45','45','45','Error dolores alias optio natus laudantium dolores. Reiciendis odit adipisci consectetur dolor ipsa. Omnis officiis sunt reprehenderit totam. Veniam perferendis enim exercitationem qui in repellat. Sit unde sed iure qui.','1995-11-16 06:44:06'),
('46','46','46','Ut et tempore enim voluptatem rerum enim. Sapiente ut sapiente quo in velit tempore qui. Adipisci alias esse fugiat.','1977-01-01 01:30:58'),
('47','47','47','Et eum aut repudiandae quo cumque hic maxime ut. Necessitatibus fuga minima quisquam dolores. Molestiae dicta omnis illum mollitia consectetur delectus consequatur similique. Numquam rerum maiores adipisci accusantium.','2013-05-18 00:45:45'),
('48','48','48','Exercitationem tenetur molestias laudantium eos iste ut libero voluptatem. Molestias cum et est soluta consequuntur sed explicabo nesciunt. Eius alias cumque ut et.','2010-11-16 06:47:30'),
('49','49','49','Voluptatibus aut officiis libero et exercitationem iusto voluptas. Quaerat deleniti pariatur optio repellat. Vel error ut tenetur dolores ipsum quo sunt consequatur. Doloremque porro est cumque earum quis assumenda quo.','1992-06-10 01:35:29'),
('50','50','50','Quam dolores possimus molestias omnis. Et voluptas omnis molestias aliquam veritatis voluptatem. Sed ut est ut autem.','1994-08-28 15:45:40'),
('51','51','51','Earum explicabo est et inventore aut qui. Earum aut voluptatem temporibus fugiat pariatur esse. Eos quidem delectus enim minima optio ab ipsa est.','1978-05-17 10:22:54'),
('52','52','52','Eos rem nisi eum ipsam dolor et eveniet pariatur. Delectus voluptatem iste eum eveniet. Sunt et enim magnam in.','1983-04-23 16:07:02'),
('53','53','53','Hic illum illo quis eos. Sed quasi delectus voluptatem qui repellat. Eum quia in dolorem non quo hic hic.','1990-03-24 00:56:22'),
('54','54','54','Sint fugit molestiae commodi animi. Impedit sapiente nisi et odit. Nulla voluptatibus veniam voluptate eveniet.','1999-03-28 03:17:06'),
('55','55','55','Cumque dolorem maxime eum provident quibusdam aut. Nihil ad voluptas perspiciatis est et sed. Ut temporibus in autem nulla quia doloremque. Beatae ab quo velit quia unde ut.','1982-02-28 07:13:22'),
('56','56','56','Voluptatibus expedita tempore quia praesentium et laudantium. Pariatur vel ducimus aperiam sunt ut.','1972-11-05 15:14:08'),
('57','57','57','Vel sequi ut ea repellat voluptas. Eum dolor eum aperiam quia. Suscipit autem molestiae dolorum dolorum non aliquam.','2019-09-12 13:05:24'),
('58','58','58','Aperiam modi ad eius dolor qui. Nisi quia eveniet quia illum eos. Qui omnis quisquam odio fugit. Eos perspiciatis sed eaque quis.','2013-02-17 04:31:34'),
('59','59','59','Deserunt dicta dolore placeat eveniet occaecati fugiat eum quae. Omnis numquam tempore corrupti tempora ea recusandae similique. Aliquid neque quo nesciunt facere magni consectetur dolorem vel. Quaerat reiciendis quidem vel rem eveniet non. Sit earum iste nobis rerum illum debitis cum.','1979-08-10 23:18:03'),
('60','60','60','Rerum aspernatur atque voluptatem explicabo qui fugit. Voluptas ut qui eum voluptas dolore. Error quasi quia rem occaecati ut ducimus quam. Reprehenderit temporibus veritatis ullam cumque consequuntur. Est laudantium a molestias ut voluptas in architecto.','2013-11-08 08:26:11'),
('61','61','61','Libero nisi dolores quo aut hic consequuntur quas. Necessitatibus voluptate animi voluptatem sit esse possimus. Veniam et quia et et in et. Rerum dolores rerum in qui.','1971-11-24 14:11:09'),
('62','62','62','Rerum beatae autem sunt et voluptates repellat. Error non culpa debitis nam qui assumenda quia occaecati. Possimus quae fugit qui odio ipsa.','2009-07-07 22:26:24'),
('63','63','63','Non id ad quia. Odit quo tempore et et reprehenderit fugiat. Odit voluptas unde quis et voluptatem. Ea molestias nulla autem voluptatem doloremque excepturi suscipit. Velit quos ducimus ut animi corporis consequuntur.','2005-12-06 02:02:03'),
('64','64','64','Non eos officiis ipsa quis dignissimos perferendis. Qui nobis repellendus nisi excepturi laborum quia quia. Eius accusantium at id aut praesentium. Impedit quo ut modi dolorum rerum.','2011-11-01 18:36:53'),
('65','65','65','Mollitia autem sint tempore. Et rem architecto officiis.','1976-05-10 15:05:38'),
('66','66','66','Eum omnis vel voluptates repellendus placeat rem error. Voluptate est aut nemo ut. Dolores reiciendis suscipit quia et consequatur consequatur. Nam voluptatum repellat voluptas aspernatur eaque distinctio nemo. Illo voluptates distinctio ipsum sunt amet fugiat rerum.','1997-03-21 04:09:01'),
('67','67','67','Esse ipsum quisquam et distinctio. Fugiat quae molestias sit voluptates alias in. Delectus quam rem exercitationem est unde. Sit quisquam dolor eius tenetur culpa.','2003-07-17 00:29:37'),
('68','68','68','Aliquam et tempore nihil. Ea dolorem incidunt doloremque unde quam soluta. Praesentium vel voluptatem enim et non a aut. Accusamus voluptate ut ipsam et doloremque asperiores nihil.','1972-01-13 10:32:52'),
('69','69','69','Non dolorem iusto hic necessitatibus sit velit. Ut fugiat id enim nihil et voluptatem. Qui commodi veritatis et. Iste provident minima aut eum voluptatibus eos dolor.','1992-09-02 07:03:57'),
('70','70','70','Blanditiis voluptas soluta qui officia. Deleniti perspiciatis veritatis laboriosam aut. Est eaque voluptas laboriosam quidem consequatur et.','2018-04-25 11:16:35'),
('71','71','71','Corrupti facere aliquid omnis rerum. Ea aperiam nihil neque et. Ipsum dolorem accusamus molestias et est neque vel aspernatur. Est nam quos aut ratione.','1991-08-19 09:34:51'),
('72','72','72','Incidunt animi omnis sit libero. Voluptas sed veniam necessitatibus eos dolorem enim.','1978-02-13 08:58:16'),
('73','73','73','Consequatur et consequatur accusamus error dicta. Alias pariatur quam quae vel. Nemo tempore qui quaerat hic aut sapiente ipsam hic. Ut asperiores animi dicta adipisci commodi nostrum repudiandae neque.','1984-12-12 13:59:02'),
('74','74','74','Et veniam ipsum rerum expedita. Quas eum voluptas odit quia.','1990-03-10 03:33:04'),
('75','75','75','Ut nobis aspernatur sapiente qui sed et. Debitis mollitia quis soluta quae explicabo labore. Voluptatem dolores non ratione ab nostrum commodi necessitatibus.','2011-07-03 07:18:21'),
('76','76','76','Aliquid est modi distinctio a quia. Qui possimus quas soluta eum eaque optio quae minus. Eum recusandae eaque non quo. Eaque nesciunt animi et labore reiciendis consectetur sunt.','1987-07-30 04:06:59'),
('77','77','77','Fugiat quo similique eaque ex corrupti. Qui maxime ducimus ducimus suscipit est et. Quia quidem voluptates voluptas.','2002-11-01 11:12:58'),
('78','78','78','Voluptatibus necessitatibus et et nulla. Magni est at culpa ab. Aperiam molestiae praesentium aut eaque vel dolores. Accusamus asperiores voluptatem qui in rem.','1993-03-02 05:38:06'),
('79','79','79','Voluptas quo id corporis aut debitis sed. Veniam quaerat sint in sed aut. Hic et ad rerum illum ab ab inventore. Libero id sit beatae est sequi. Eos unde quia aliquid est quod sequi reprehenderit.','2012-12-14 07:48:29'),
('80','80','80','Rerum deserunt incidunt perspiciatis a impedit ipsa. Et consequatur dolorem quos architecto aut assumenda accusantium quia. Nulla ullam ea culpa doloribus inventore natus. Vel blanditiis minima repellat.','1987-01-06 10:23:47'),
('81','81','81','Laborum quo quia fugit autem eum blanditiis. Quos sit fugit vel soluta. Quas tenetur odio quia maxime architecto odit animi. Est minima et quidem mollitia cupiditate.','1980-03-08 23:26:45'),
('82','82','82','Laborum et quas reprehenderit eaque tempora fugit. Quisquam esse excepturi quod alias praesentium. Mollitia omnis reprehenderit odio. Excepturi non dolores eos voluptate ea.','1982-02-28 11:13:32'),
('83','83','83','Quam necessitatibus consectetur ut veritatis ducimus. Laboriosam molestiae ducimus tempora dolorem animi. Cupiditate accusantium ut voluptas nulla quia dolor.','2013-12-31 20:06:34'),
('84','84','84','Sit rem sit eos vel. Quas consequatur adipisci enim occaecati. Laudantium et eos odit qui consequatur ipsa. Illo animi corrupti ducimus sapiente corrupti numquam tempore.','1991-05-02 11:06:36'),
('85','85','85','Et mollitia optio rerum ipsam. Ut delectus ex ratione numquam est qui. Sed delectus qui asperiores et non. Tenetur maxime possimus voluptatem molestiae. Exercitationem est doloribus sint aut blanditiis enim.','1997-08-28 02:35:38'),
('86','86','86','Ex corporis commodi dolores rem et. Dolores voluptatem tempore velit dolorum tempora est. Animi beatae et impedit aspernatur temporibus. Dolorum nihil dolor veniam totam molestiae nostrum aliquam.','1975-06-26 14:07:24'),
('87','87','87','Consequatur quas et sit reprehenderit dicta. Omnis nostrum et et maiores eligendi eligendi. Animi at eaque libero ex cum. Et ut aliquid eius fuga sequi autem quis aliquid. Rerum voluptas dolor sint voluptatem architecto molestiae.','2018-06-25 23:33:25'),
('88','88','88','Labore magni dolor eveniet voluptate numquam nihil est et. Laudantium error est pariatur sed eveniet ut. Fugiat esse voluptas neque tempore magnam.','2014-07-12 13:24:57'),
('89','89','89','Beatae explicabo aut accusantium aut veritatis. Aut laudantium ipsam rem at sequi ea modi. Quod et laudantium corrupti in magnam molestiae. Cum facilis dignissimos ad sed molestias.','2001-10-27 15:23:47'),
('90','90','90','Et officiis necessitatibus at tempora. Voluptatum doloribus molestias amet sunt at. Dolore quis voluptas perspiciatis voluptatem quibusdam. Quam possimus et nostrum laborum quibusdam ut dolorum.','1978-01-12 04:40:43'),
('91','91','91','Possimus qui quia qui sint doloremque. Totam quasi odio eos accusamus qui.','1987-01-27 12:01:03'),
('92','92','92','Dignissimos incidunt quod labore et adipisci vero optio. Non et maxime voluptatum hic neque. Vel aut quia officia omnis sed voluptas quasi.','1978-01-27 04:29:37'),
('93','93','93','Vitae quaerat corrupti iusto possimus qui. Et ex aperiam est magni. Cupiditate voluptatem et officiis quo. Inventore at temporibus quasi nihil veritatis dolorem.','2001-09-16 16:11:57'),
('94','94','94','Tempore suscipit error hic molestias reprehenderit magnam. Voluptatibus totam qui ratione. Laboriosam aliquam voluptas enim officia mollitia tempora.','2017-06-23 01:17:03'),
('95','95','95','Ipsa dolores quisquam voluptatibus ut impedit. Voluptatibus aliquam in excepturi sapiente aut ad quis molestiae. Itaque ducimus et qui non accusamus inventore. Dolor et et tenetur maxime esse unde.','2016-05-30 18:53:05'),
('96','96','96','Qui sit dicta commodi recusandae eligendi odio eos. Tenetur non ut unde sed sit voluptatem consequatur. Numquam aspernatur et quae voluptas enim a.','2006-03-15 00:41:05'),
('97','97','97','Nihil ipsa quia qui sint qui laborum. Incidunt alias unde eligendi consequatur. Error nobis ut debitis ratione similique temporibus. Voluptatibus architecto repudiandae molestiae facilis ut nam unde eos.','2004-09-14 16:16:16'),
('98','98','98','Unde quaerat necessitatibus culpa incidunt non. Asperiores non eligendi error et ducimus. Quam ipsum non exercitationem ducimus. Dolores vero et est rerum autem neque. In dolor aut beatae sint recusandae saepe quo.','2019-11-09 03:53:38'),
('99','99','99','Qui commodi praesentium maxime quo porro enim quo. Officiis doloribus qui amet similique perferendis. Provident rerum unde odit sequi sequi possimus.','1986-03-10 11:01:21'),
('100','100','100','Illo in eius rerum cumque quasi quod ipsam. Sint similique et assumenda facere. Est dolores excepturi suscipit voluptas voluptas voluptatem et.','1988-07-08 15:14:20'); 


DROP TABLE IF EXISTS `profiles`;
CREATE TABLE `profiles` (
  `user_id` bigint(20) unsigned NOT NULL AUTO_INCREMENT,
  `gender` enum('female','male') COLLATE utf8_unicode_ci DEFAULT NULL,
  `birthday` date DEFAULT NULL,
  `media_id` bigint(20) unsigned DEFAULT NULL,
  `created_at` datetime DEFAULT current_timestamp(),
  `hometown` varchar(100) COLLATE utf8_unicode_ci DEFAULT NULL,
  PRIMARY KEY (`user_id`),
  KEY `media_id` (`media_id`),
  CONSTRAINT `profiles_ibfk_1` FOREIGN KEY (`user_id`) REFERENCES `users` (`id`) ON UPDATE CASCADE,
  CONSTRAINT `profiles_ibfk_2` FOREIGN KEY (`media_id`) REFERENCES `media` (`id`)
) ENGINE=InnoDB AUTO_INCREMENT=101 DEFAULT CHARSET=utf8 COLLATE=utf8_unicode_ci;

INSERT INTO `profiles` VALUES ('1','male','2019-07-23','1','2001-01-13 16:56:56','Port Nakiamouth'),
('2','male','1973-07-26','2','1987-08-07 23:02:14','Mayermouth'),
('3','male','2009-07-21','3','1981-12-14 19:53:29','Margaritaport'),
('4','male','1986-01-24','4','2015-06-17 17:44:01','Lake Angelaberg'),
('5','female','1971-03-05','5','1974-06-09 21:09:47','Willowfort'),
('6','male','1970-09-28','6','1978-10-10 14:16:10','South Preciousview'),
('7','female','1997-02-10','7','1992-01-23 11:01:27','Port Alejandrinport'),
('8','female','1997-09-24','8','2008-01-26 22:00:43','Wisozkland'),
('9','female','1987-09-24','9','2017-07-18 10:04:47','Hauckborough'),
('10','male','2004-12-08','10','1975-06-10 13:24:52','Hilllview'),
('11','female','2003-07-24','11','1980-07-20 23:16:05','Port Amelie'),
('12','female','1975-08-28','12','1982-11-12 14:03:54','West Kenya'),
('13','male','1997-11-13','13','1992-12-22 10:10:41','Port Horacio'),
('14','female','2006-03-07','14','2014-01-10 19:27:58','New Jaylin'),
('15','female','1971-09-24','15','2000-06-27 02:25:45','Concepcionside'),
('16','male','2004-02-04','16','1995-04-12 20:38:01','Port Kristinview'),
('17','female','2014-01-24','17','2009-06-07 12:13:53','Allenetown'),
('18','female','1971-12-04','18','2015-03-20 16:19:16','Port Marjorieberg'),
('19','male','1987-07-03','19','2011-05-24 19:47:44','Kubmouth'),
('20','female','2005-12-23','20','1981-10-31 20:31:20','Port Lizamouth'),
('21','male','2013-04-21','21','1991-06-01 17:29:51','West Kayden'),
('22','male','1976-02-22','22','2010-10-31 08:22:37','New Carlosmouth'),
('23','male','1992-03-10','23','2002-06-08 15:54:02','Lake Maximustown'),
('24','female','2018-09-03','24','1985-01-03 03:39:25','Mertzhaven'),
('25','male','1990-07-11','25','1999-06-23 02:43:09','Gerlachville'),
('26','male','1995-03-23','26','2000-03-23 08:17:18','Caesarside'),
('27','male','2014-01-30','27','1977-01-14 05:04:22','Nettieburgh'),
('28','female','1981-11-25','28','1995-06-02 18:19:27','South Alisha'),
('29','male','1977-09-20','29','1974-07-26 08:48:10','East Guiseppeton'),
('30','female','2012-06-25','30','1997-08-08 21:42:40','Lockmanland'),
('31','male','2014-09-21','31','1986-08-10 19:33:42','New Kimtown'),
('32','male','2001-02-14','32','1998-06-11 09:46:55','East Nameburgh'),
('33','male','1992-08-18','33','2000-05-01 22:32:03','Chelseaton'),
('34','female','2012-11-26','34','2014-09-09 04:01:36','Port Elisa'),
('35','male','2015-04-19','35','1997-08-12 18:27:56','East Roy'),
('36','male','1996-03-16','36','2006-08-04 04:33:19','East Chanel'),
('37','female','1970-03-03','37','2014-11-27 19:38:57','Wisozkborough'),
('38','female','1973-09-25','38','1977-02-05 14:55:36','Lewport'),
('39','male','2019-01-21','39','2003-12-10 10:15:54','Rathtown'),
('40','female','2014-11-09','40','1992-01-02 04:00:12','West Leifton'),
('41','male','2011-11-25','41','1996-10-01 12:15:36','West Freeda'),
('42','male','2002-05-29','42','1980-05-07 18:31:42','South Madeline'),
('43','male','1982-12-08','43','2002-10-22 08:29:50','Lake Ethelyn'),
('44','female','1981-03-23','44','1971-07-12 11:59:40','Lake Mattie'),
('45','male','1990-01-05','45','1998-04-22 16:54:23','Rippinshire'),
('46','female','2013-10-07','46','1999-08-11 14:57:55','Marksberg'),
('47','male','1990-12-22','47','1989-02-15 04:02:01','West Matteo'),
('48','male','1989-08-05','48','1977-12-10 02:12:36','Judgeville'),
('49','male','2019-02-02','49','1985-05-19 15:41:03','East Brittany'),
('50','female','1997-05-13','50','2019-07-22 17:33:53','Ressieville'),
('51','female','2016-06-17','51','2007-07-26 13:11:15','Port Maeganland'),
('52','male','1998-09-25','52','1984-06-16 06:22:36','Paucektown'),
('53','male','1987-10-07','53','1988-07-29 23:34:10','Gulgowskitown'),
('54','male','1972-07-07','54','1984-02-01 13:22:55','Edmondport'),
('55','female','1981-04-16','55','1978-04-04 02:27:49','South Damienville'),
('56','female','1992-10-04','56','1993-12-12 13:26:55','Leannonport'),
('57','female','2013-06-20','57','1994-07-05 14:42:59','Port Francescamouth'),
('58','male','2012-08-13','58','1980-10-12 02:35:25','North Sheafurt'),
('59','female','1990-09-09','59','1993-01-30 00:15:16','New Kiarrashire'),
('60','male','1981-03-18','60','1983-12-22 03:09:30','Lake Omaville'),
('61','female','1972-02-13','61','1982-01-31 21:49:03','Luzside'),
('62','male','1981-09-18','62','1972-11-16 15:48:51','Reannaland'),
('63','male','1978-08-25','63','1982-11-27 16:04:29','North Monroeborough'),
('64','male','1972-05-06','64','1997-04-24 16:24:47','Roobberg'),
('65','male','2005-03-24','65','1987-12-20 21:51:29','West Calistabury'),
('66','male','2015-06-03','66','1987-07-24 23:22:09','Yazmintown'),
('67','female','2011-10-29','67','1976-10-12 16:57:48','Aufderharview'),
('68','female','1986-02-11','68','2009-10-13 07:38:21','Lake Dangelo'),
('69','male','1983-07-15','69','1973-02-24 00:28:57','New Lorine'),
('70','female','1983-11-12','70','1971-11-19 20:35:26','South Luciano'),
('71','female','1979-08-03','71','1994-02-16 12:52:35','Cordeliatown'),
('72','female','2015-10-08','72','1998-08-16 02:39:49','North Aniyafurt'),
('73','female','1989-11-18','73','2008-01-05 23:39:23','Gerardshire'),
('74','female','2005-09-08','74','2000-07-06 11:32:30','East Gilbertberg'),
('75','male','2012-08-31','75','1984-08-03 18:43:51','South Tess'),
('76','female','1973-02-05','76','2013-05-24 05:17:10','Lake Jessikaview'),
('77','female','1997-01-29','77','2012-04-10 22:53:18','Deborahport'),
('78','female','1975-02-18','78','2009-10-10 14:34:33','North Lorinestad'),
('79','female','1983-03-28','79','1996-06-30 10:25:13','North Aracely'),
('80','female','2010-09-16','80','1970-04-19 07:41:20','Hermistonville'),
('81','female','1974-07-28','81','1993-02-07 07:52:37','Bayerfort'),
('82','female','1993-07-14','82','1988-08-07 23:06:41','Hintzborough'),
('83','male','1998-04-20','83','2000-10-27 19:08:22','Thomasburgh'),
('84','male','1990-08-16','84','1999-09-04 15:59:10','Deangeloside'),
('85','female','1992-11-24','85','2009-09-01 01:10:14','Wehnerville'),
('86','female','1970-06-05','86','2009-03-16 22:18:49','West Dinoport'),
('87','male','2014-03-04','87','1977-12-08 01:01:57','Mekhiburgh'),
('88','female','2018-03-23','88','1983-02-22 11:49:41','Alvistown'),
('89','female','1974-06-24','89','1977-05-25 17:38:08','East Rosalynborough'),
('90','female','2011-02-25','90','2011-09-18 02:11:34','Lake Rickstad'),
('91','female','2016-07-02','91','1977-10-22 20:17:51','Lake Ameliatown'),
('92','male','2010-03-26','92','2013-01-30 18:53:54','West Ezra'),
('93','female','1981-04-30','93','2014-01-23 00:40:20','Corneliusport'),
('94','male','2006-01-17','94','2016-06-30 18:33:00','Uriahborough'),
('95','male','1994-08-06','95','1978-03-01 04:32:10','North Chance'),
('96','female','1986-04-02','96','1996-11-06 21:13:52','Bentonport'),
('97','male','1983-02-11','97','2008-08-30 15:27:34','New Derrick'),
('98','female','1982-09-19','98','1988-07-04 19:24:25','West Madgefort'),
('99','male','2006-05-28','99','2002-01-05 20:49:24','Auerside'),
('100','female','1970-03-24','100','1987-04-09 21:39:46','Issacville'); 


DROP TABLE IF EXISTS `users`;
CREATE TABLE `users` (
  `id` bigint(20) unsigned NOT NULL AUTO_INCREMENT,
  `login` varchar(50) COLLATE utf8_unicode_ci DEFAULT NULL,
  `firstname` varchar(50) COLLATE utf8_unicode_ci DEFAULT NULL,
  `lastname` varchar(50) COLLATE utf8_unicode_ci DEFAULT NULL,
  `email` varchar(120) COLLATE utf8_unicode_ci DEFAULT NULL,
  `phone` bigint(20) DEFAULT NULL,
  PRIMARY KEY (`id`),
  UNIQUE KEY `login` (`login`),
  UNIQUE KEY `email` (`email`),
  KEY `users_phone_idx` (`phone`),
  KEY `users_firstname_lastname_idx` (`firstname`,`lastname`)
) ENGINE=InnoDB AUTO_INCREMENT=101 DEFAULT CHARSET=utf8 COLLATE=utf8_unicode_ci;

INSERT INTO `users` VALUES ('1','veniam','Macy','Crooks','madison29@example.org','295847'),
('2','rerum','Annabell','Von','pfannerstill.marguerite@example.org','0'),
('3','iusto','Jordane','Goyette','bette.funk@example.net','1'),
('4','odit','Noe','Corkery','nathanial55@example.org','19'),
('5','animi','Delia','Jacobson','jbuckridge@example.org','641'),
('6','illum','Stuart','Mosciski','hahn.adonis@example.net','1'),
('7','velit','Bryon','Roob','pmaggio@example.org','0'),
('8','et','Edd','Smith','pierre.brekke@example.org','0'),
('9','voluptatibus','Ettie','Kemmer','hollie.doyle@example.org','882779'),
('10','sint','Aimee','Heaney','elvera.schinner@example.org','3'),
('11','dignissimos','Noah','Boyer','emil60@example.org','0'),
('12','quasi','Julius','Stiedemann','adell28@example.org','1'),
('13','quia','Oda','King','armani.kautzer@example.net','1'),
('14','veritatis','Bethany','Bogan','moriah.cummings@example.com','0'),
('15','aut','Deangelo','Heaney','botsford.adrienne@example.com','33'),
('16','eum','Hailie','Reichel','jessika94@example.com','53'),
('17','voluptates','Tabitha','Kozey','klein.niko@example.net','171736'),
('18','unde','Keaton','Shields','bergstrom.orion@example.org','1'),
('19','atque','Jacklyn','Kemmer','bruen.erna@example.net','1'),
('20','minima','Edmund','Murray','hirthe.rosalind@example.net','74'),
('21','corporis','Maiya','Zboncak','frank.quitzon@example.com','1'),
('22','omnis','Riley','Bayer','okey.brown@example.net','82'),
('23','asperiores','Abbey','Rogahn','pagac.gilda@example.org','21'),
('24','delectus','Belle','Farrell','kylie.jenkins@example.net','753'),
('25','fugiat','Hilma','Rau','deangelo89@example.org','1'),
('26','ut','Juvenal','Bins','murray.cecelia@example.com','0'),
('27','est','Westley','Waelchi','grace.braun@example.com','533446'),
('28','beatae','Anita','Yost','candace49@example.com','9092242283'),
('29','vel','Will','Padberg','vonrueden.earnestine@example.org','37'),
('30','mollitia','Isabell','Harber','monica16@example.org','430176'),
('31','adipisci','Dorothy','Rempel','nora.price@example.net','148184'),
('32','voluptate','Toby','Veum','robyn23@example.org','419188'),
('33','molestiae','Edmond','Roob','emmanuel.konopelski@example.com','0'),
('34','fuga','Madisen','McKenzie','deron65@example.net','0'),
('35','non','Joshuah','Rath','mraz.alvah@example.org','689057'),
('36','quos','Cristal','Schamberger','isai.koelpin@example.org','872893'),
('37','alias','Jarred','Macejkovic','antonietta76@example.org','8944'),
('38','sunt','Dolores','Konopelski','nkuvalis@example.com','15401'),
('39','perspiciatis','Aglae','McClure','mariam.jacobs@example.com','1'),
('40','eius','Ottis','Rosenbaum','joaquin08@example.org','0'),
('41','maxime','Vincent','Gorczany','fharris@example.org','0'),
('42','error','Flavio','Rath','hyman41@example.com','392'),
('43','officia','Ena','Paucek','jadams@example.org','50350'),
('44','placeat','Ena','Barton','floyd20@example.com','1'),
('45','quibusdam','Flossie','Brakus','cassin.katherine@example.org','733306'),
('46','recusandae','Tabitha','Hermiston','darryl45@example.org','7819697756'),
('47','earum','Esperanza','Lakin','lelia.lehner@example.com','1'),
('48','consequatur','Gayle','Windler','clinton62@example.org','550'),
('49','minus','Alivia','Mante','braden55@example.org','272'),
('50','commodi','Reba','Haley','huels.patsy@example.com','274'),
('51','sed','Dorothy','Ondricka','herman.runolfsson@example.net','1'),
('52','eveniet','Elian','Veum','janiya32@example.com','1'),
('53','nobis','Marjory','Kirlin','pietro31@example.com','588593'),
('54','ex','Baby','Koss','jermaine.flatley@example.net','960'),
('55','labore','Sigrid','Muller','adrian77@example.com','803095'),
('56','modi','Vivien','Fisher','o\'conner.britney@example.org','0'),
('57','perferendis','Emilio','Dickinson','tess.green@example.com','1'),
('58','facere','Beverly','Lubowitz','mdaniel@example.com','0'),
('59','ducimus','Victor','Von','drolfson@example.org','492511'),
('60','at','Ryleigh','Hilll','bbatz@example.org','0'),
('61','qui','Abigayle','Aufderhar','cedrick.o\'connell@example.com','428820'),
('62','neque','Thora','Wyman','schroeder.alberta@example.com','726'),
('63','deleniti','Margarita','Hirthe','powlowski.jonathan@example.org','89'),
('64','itaque','Miracle','Connelly','cremin.baron@example.com','2'),
('65','nihil','Travis','Ryan','jailyn.murray@example.net','0'),
('66','occaecati','Kavon','Kihn','mack.hansen@example.net','46008'),
('67','possimus','Stefan','Mueller','kuhic.gregory@example.com','454427'),
('68','ad','Lourdes','Muller','zoe.wolf@example.com','0'),
('69','quod','Roma','Stokes','kari.mosciski@example.net','933610'),
('70','cumque','Nyasia','Zulauf','bahringer.maximillia@example.com','39'),
('71','dolores','Fermin','Pagac','pascale37@example.org','93'),
('72','ratione','Angel','Gutkowski','lexie.heathcote@example.org','47'),
('73','excepturi','Bethany','Crooks','qheaney@example.com','9630691856'),
('74','voluptas','Bailey','Lemke','darrick59@example.com','6'),
('75','explicabo','Elsa','Lockman','tanya45@example.net','69'),
('76','quo','Ahmed','Sipes','gledner@example.org','0'),
('77','tenetur','Nicolas','Schultz','mills.isaiah@example.com','1'),
('78','id','Daisha','Steuber','uhaley@example.org','9574588741'),
('79','voluptatem','Josephine','Kris','scottie.windler@example.net','0'),
('80','dolorem','Lydia','Watsica','miller.zoey@example.org','969902'),
('81','aspernatur','Theo','Moen','oferry@example.org','896041'),
('82','enim','Hunter','Franecki','dhuels@example.org','1'),
('83','harum','Nico','Morissette','aurelie35@example.org','370'),
('84','eaque','Savanna','Durgan','ubrown@example.org','0'),
('85','magnam','April','Wilkinson','ewell.ondricka@example.com','1'),
('86','provident','Lorena','Hermiston','alexys.corkery@example.net','0'),
('87','magni','Lance','Terry','myrtie23@example.org','0'),
('88','autem','Emmett','Wiza','lenora.lemke@example.com','1'),
('89','similique','Trenton','Ratke','yemard@example.com','5428102305'),
('90','in','Adrienne','Sawayn','glenna.nader@example.net','0'),
('91','cupiditate','Immanuel','Bartell','luciano61@example.net','1'),
('92','assumenda','Hiram','Hackett','jkub@example.net','1'),
('93','ea','Aditya','Sanford','roob.savanah@example.org','0'),
('94','doloribus','Emilie','Dach','goldner.aaron@example.org','1'),
('95','porro','Finn','Murphy','oliver44@example.org','1'),
('96','quas','Lyric','Jenkins','fadel.lenora@example.net','63'),
('97','quam','Rosendo','Aufderhar','marc54@example.net','1'),
('98','sequi','Geo','Shields','dawn.funk@example.com','8003104684'),
('99','cum','Clare','Wintheiser','dullrich@example.org','536'),
('100','totam','Cullen','Bergnaum','green.eduardo@example.net','938'); 


DROP TABLE IF EXISTS `users_communities`;
CREATE TABLE `users_communities` (
  `user_id` bigint(20) unsigned NOT NULL,
  `community_id` bigint(20) unsigned NOT NULL,
  PRIMARY KEY (`user_id`,`community_id`),
  KEY `community_id` (`community_id`),
  CONSTRAINT `users_communities_ibfk_1` FOREIGN KEY (`user_id`) REFERENCES `users` (`id`),
  CONSTRAINT `users_communities_ibfk_2` FOREIGN KEY (`community_id`) REFERENCES `communities` (`id`)
) ENGINE=InnoDB DEFAULT CHARSET=utf8 COLLATE=utf8_unicode_ci;

INSERT INTO `users_communities` VALUES ('1','1'),
('2','2'),
('3','3'),
('4','4'),
('5','5'),
('6','6'),
('7','7'),
('8','8'),
('9','9'),
('10','10'),
('11','11'),
('12','12'),
('13','13'),
('14','14'),
('15','15'),
('16','16'),
('17','17'),
('18','18'),
('19','19'),
('20','20'),
('21','21'),
('22','22'),
('23','23'),
('24','24'),
('25','25'),
('26','26'),
('27','27'),
('28','28'),
('29','29'),
('30','30'),
('31','31'),
('32','32'),
('33','33'),
('34','34'),
('35','35'),
('36','36'),
('37','37'),
('38','38'),
('39','39'),
('40','40'),
('41','41'),
('42','42'),
('43','43'),
('44','44'),
('45','45'),
('46','46'),
('47','47'),
('48','48'),
('49','49'),
('50','50'),
('51','51'),
('52','52'),
('53','53'),
('54','54'),
('55','55'),
('56','56'),
('57','57'),
('58','58'),
('59','59'),
('60','60'),
('61','61'),
('62','62'),
('63','63'),
('64','64'),
('65','65'),
('66','66'),
('67','67'),
('68','68'),
('69','69'),
('70','70'),
('71','71'),
('72','72'),
('73','73'),
('74','74'),
('75','75'),
('76','76'),
('77','77'),
('78','78'),
('79','79'),
('80','80'),
('81','81'),
('82','82'),
('83','83'),
('84','84'),
('85','85'),
('86','86'),
('87','87'),
('88','88'),
('89','89'),
('90','90'),
('91','91'),
('92','92'),
('93','93'),
('94','94'),
('95','95'),
('96','96'),
('97','97'),
('98','98'),
('99','99'),
('100','100'); 


DROP TABLE IF EXISTS `views`;
CREATE TABLE `views` (
  `id` bigint(20) unsigned NOT NULL AUTO_INCREMENT,
  `media_id` bigint(20) unsigned NOT NULL,
  PRIMARY KEY (`id`),
  KEY `media_id` (`media_id`),
  CONSTRAINT `views_ibfk_1` FOREIGN KEY (`media_id`) REFERENCES `media` (`id`)
) ENGINE=InnoDB AUTO_INCREMENT=101 DEFAULT CHARSET=utf8 COLLATE=utf8_unicode_ci;

INSERT INTO `views` VALUES ('1','1'),
('2','2'),
('3','3'),
('4','4'),
('5','5'),
('6','6'),
('7','7'),
('8','8'),
('9','9'),
('10','10'),
('11','11'),
('12','12'),
('13','13'),
('14','14'),
('15','15'),
('16','16'),
('17','17'),
('18','18'),
('19','19'),
('20','20'),
('21','21'),
('22','22'),
('23','23'),
('24','24'),
('25','25'),
('26','26'),
('27','27'),
('28','28'),
('29','29'),
('30','30'),
('31','31'),
('32','32'),
('33','33'),
('34','34'),
('35','35'),
('36','36'),
('37','37'),
('38','38'),
('39','39'),
('40','40'),
('41','41'),
('42','42'),
('43','43'),
('44','44'),
('45','45'),
('46','46'),
('47','47'),
('48','48'),
('49','49'),
('50','50'),
('51','51'),
('52','52'),
('53','53'),
('54','54'),
('55','55'),
('56','56'),
('57','57'),
('58','58'),
('59','59'),
('60','60'),
('61','61'),
('62','62'),
('63','63'),
('64','64'),
('65','65'),
('66','66'),
('67','67'),
('68','68'),
('69','69'),
('70','70'),
('71','71'),
('72','72'),
('73','73'),
('74','74'),
('75','75'),
('76','76'),
('77','77'),
('78','78'),
('79','79'),
('80','80'),
('81','81'),
('82','82'),
('83','83'),
('84','84'),
('85','85'),
('86','86'),
('87','87'),
('88','88'),
('89','89'),
('90','90'),
('91','91'),
('92','92'),
('93','93'),
('94','94'),
('95','95'),
('96','96'),
('97','97'),
('98','98'),
('99','99'),
('100','100'); 




/*!40101 SET SQL_MODE=@OLD_SQL_MODE */;
/*!40014 SET FOREIGN_KEY_CHECKS=@OLD_FOREIGN_KEY_CHECKS */;
/*!40014 SET UNIQUE_CHECKS=@OLD_UNIQUE_CHECKS */;
/*!40101 SET CHARACTER_SET_CLIENT=@OLD_CHARACTER_SET_CLIENT */;
/*!40101 SET CHARACTER_SET_RESULTS=@OLD_CHARACTER_SET_RESULTS */;
/*!40101 SET COLLATION_CONNECTION=@OLD_COLLATION_CONNECTION */;
/*!40111 SET SQL_NOTES=@OLD_SQL_NOTES */;

