/* i. Заполнить все таблицы БД vk данными (по 10-100 записей в каждой таблице)*/

-- Generation time: Thu, 20 Feb 2020 19:59:11 +0000
-- Host: mysql.hostinger.ro
-- DB name: u574849695_24
/*!40030 SET NAMES UTF8 */;
/*!40101 SET @OLD_CHARACTER_SET_CLIENT=@@CHARACTER_SET_CLIENT */;
/*!40101 SET @OLD_CHARACTER_SET_RESULTS=@@CHARACTER_SET_RESULTS */;
/*!40101 SET @OLD_COLLATION_CONNECTION=@@COLLATION_CONNECTION */;
/*!40103 SET @OLD_TIME_ZONE=@@TIME_ZONE */;
/*!40103 SET TIME_ZONE='+00:00' */;
/*!40014 SET @OLD_UNIQUE_CHECKS=@@UNIQUE_CHECKS, UNIQUE_CHECKS=0 */;
/*!40014 SET @OLD_FOREIGN_KEY_CHECKS=@@FOREIGN_KEY_CHECKS, FOREIGN_KEY_CHECKS=0 */;
/*!40101 SET @OLD_SQL_MODE=@@SQL_MODE, SQL_MODE='NO_AUTO_VALUE_ON_ZERO' */;
/*!40111 SET @OLD_SQL_NOTES=@@SQL_NOTES, SQL_NOTES=0 */;
DROP DATABASE IF EXISTS vk2;
CREATE DATABASE vk2;
USE vk2;

DROP TABLE IF EXISTS `comments`;
CREATE TABLE `comments` (
  `id` bigint(20) unsigned NOT NULL AUTO_INCREMENT,
  `user_id` bigint(20) unsigned NOT NULL,
  `comment_text` varchar(255) COLLATE utf8_unicode_ci DEFAULT NULL,
  `photo_id` bigint(20) unsigned NOT NULL,
  `created_at` datetime DEFAULT current_timestamp(),
  PRIMARY KEY (`id`),
  KEY `comment_text_id` (`comment_text`),
  KEY `user_id` (`user_id`),
  KEY `photo_id` (`photo_id`),
  CONSTRAINT `comments_ibfk_1` FOREIGN KEY (`user_id`) REFERENCES `users` (`id`),
  CONSTRAINT `comments_ibfk_2` FOREIGN KEY (`photo_id`) REFERENCES `photos` (`id`)
) ENGINE=InnoDB AUTO_INCREMENT=101 DEFAULT CHARSET=utf8 COLLATE=utf8_unicode_ci;

INSERT INTO `comments` VALUES ('1','1','Molestiae quia repellat minima eaque quia.','1','2016-12-31 07:57:17'),
('2','2','Beatae sapiente rerum autem tempore quos tenetur.','2','1990-03-02 06:25:08'),
('3','3','Itaque sit provident ullam et similique voluptatem voluptatem.','3','1974-05-12 10:02:04'),
('4','4','Tempora iusto corporis labore dolores quis delectus.','4','2016-01-16 09:46:01'),
('5','5','Aut sed atque quos suscipit dolores.','5','1986-04-14 02:30:26'),
('6','6','Occaecati quo amet omnis nemo facilis totam eos repellendus.','6','1972-07-10 03:47:59'),
('7','7','Consequuntur debitis sequi dicta enim.','7','1998-11-30 21:32:09'),
('8','8','Fuga unde distinctio sequi fuga.','8','2014-11-17 14:50:49'),
('9','9','Voluptatem in numquam qui eveniet cupiditate.','9','1982-09-21 10:12:33'),
('10','10','Consequatur tempora culpa eum tempora et.','10','1973-11-03 04:13:17'),
('11','11','Repellat fugit veritatis laudantium et.','11','1997-02-15 08:42:43'),
('12','12','Eum aut necessitatibus et dolores modi laudantium consequatur.','12','1975-12-13 05:42:58'),
('13','13','Dolor non magni explicabo debitis sapiente.','13','1993-11-28 14:19:00'),
('14','14','Iure sint sint vel molestiae.','14','1970-09-04 11:34:15'),
('15','15','Eaque repellendus provident in vel sit.','15','2001-11-15 19:16:26'),
('16','16','Dolorem accusamus sunt consequuntur iusto iste.','16','2006-08-03 23:51:55'),
('17','17','Aut rerum accusamus molestiae facere.','17','1998-11-05 08:02:39'),
('18','18','Deleniti aperiam dolores illo nisi ut blanditiis cumque.','18','2015-04-07 21:38:26'),
('19','19','Voluptatum quis magnam ducimus autem minus.','19','1988-08-10 12:38:48'),
('20','20','Et est illum eos recusandae hic eveniet.','20','2016-11-03 20:58:53'),
('21','21','Deserunt ullam alias quod.','21','2003-04-04 15:20:34'),
('22','22','Perferendis dolores corporis maxime veritatis.','22','2007-01-02 17:04:19'),
('23','23','Inventore aut sit assumenda rerum quos voluptatem.','23','1971-12-21 20:58:09'),
('24','24','Corporis reiciendis aut accusantium quis nemo ipsum magni.','24','2014-09-01 13:34:33'),
('25','25','In inventore sint dolorem delectus numquam architecto.','25','1984-06-03 19:03:31'),
('26','26','Eos sunt et adipisci consectetur id.','26','2017-08-18 07:47:46'),
('27','27','Similique voluptatum quia qui assumenda architecto.','27','2017-02-26 02:39:18'),
('28','28','Quam ducimus molestias doloribus omnis omnis et consectetur.','28','1971-07-08 19:18:06'),
('29','29','Rem error placeat rerum qui debitis.','29','1987-03-17 22:53:52'),
('30','30','Voluptatem voluptatem voluptas pariatur qui commodi.','30','2018-06-16 03:17:50'),
('31','31','Rem sit deserunt asperiores maiores blanditiis.','31','1977-06-25 06:24:42'),
('32','32','Maxime vel ea qui dolorem quos aliquid sit.','32','1994-04-13 04:04:58'),
('33','33','Iste nihil officiis non.','33','1971-07-12 08:50:54'),
('34','34','Dignissimos consequatur doloremque similique enim tenetur.','34','1994-11-21 23:31:17'),
('35','35','Blanditiis sint molestiae at.','35','2012-04-20 15:29:56'),
('36','36','Ea et aut provident ut ducimus doloribus.','36','1981-12-03 13:03:10'),
('37','37','Sit neque accusantium velit sit voluptatem aspernatur.','37','2006-01-27 00:02:35'),
('38','38','Incidunt accusamus tempore sed quam fugiat dolor.','38','1974-09-01 20:53:49'),
('39','39','Doloribus delectus sit in et minima.','39','2005-08-22 22:39:28'),
('40','40','Quis aut maxime pariatur consequatur.','40','2004-01-01 17:17:10'),
('41','41','Debitis minus et modi non consequuntur quis.','41','2007-06-05 04:46:26'),
('42','42','Alias autem ipsum quis laborum eos possimus.','42','1971-04-09 17:40:48'),
('43','43','Quaerat et aut nostrum ratione.','43','2000-03-22 00:59:02'),
('44','44','Aut corrupti eius eius aut.','44','1985-07-14 20:14:03'),
('45','45','Sit nemo et dicta sapiente.','45','1988-11-21 07:39:46'),
('46','46','Vel aperiam est voluptas voluptas ex in dolores.','46','2019-02-11 01:55:12'),
('47','47','Quasi omnis incidunt optio.','47','1976-12-16 20:48:05'),
('48','48','Voluptas unde ut enim sed excepturi accusamus quis.','48','2001-07-28 10:47:50'),
('49','49','Sit autem deleniti quis sit nisi voluptatem.','49','1977-06-18 08:22:00'),
('50','50','Doloremque omnis ipsum exercitationem eum.','50','2015-11-02 05:08:50'),
('51','51','Autem sed consequatur quod.','51','1996-09-26 03:56:15'),
('52','52','Ratione eveniet quia harum.','52','1980-05-28 17:35:36'),
('53','53','Dignissimos officiis eos dicta aut error odio nesciunt.','53','1973-01-03 23:07:01'),
('54','54','Quod expedita sed odit aspernatur commodi.','54','1991-01-23 11:26:41'),
('55','55','Expedita corrupti deleniti at magni.','55','1988-08-09 02:11:02'),
('56','56','Eos modi qui dolorem dolor facilis et.','56','2006-09-28 08:05:42'),
('57','57','Voluptatem ab et voluptatum pariatur id nobis.','57','1986-08-06 23:13:40'),
('58','58','Similique sequi nostrum autem repellendus.','58','1975-04-10 02:28:06'),
('59','59','Excepturi deserunt incidunt est iusto.','59','1993-05-19 15:16:39'),
('60','60','Adipisci quo et sit aut natus voluptatum.','60','2010-02-03 20:06:56'),
('61','61','Nostrum assumenda ipsam molestiae esse molestiae sint.','61','1988-02-26 12:53:54'),
('62','62','Est aut iusto qui quia quia.','62','2006-02-17 15:44:21'),
('63','63','Quia et minus non sint eum ut inventore.','63','1996-11-17 14:57:42'),
('64','64','Iure labore in quos.','64','1977-10-06 12:42:00'),
('65','65','Voluptas nobis nobis et sunt cupiditate aliquam vitae.','65','1971-05-27 07:50:48'),
('66','66','Occaecati impedit in voluptatibus.','66','2015-08-14 13:42:08'),
('67','67','Et commodi inventore veritatis consequatur eveniet vel qui maiores.','67','2005-01-24 05:10:17'),
('68','68','Sunt et assumenda culpa blanditiis similique et.','68','2012-03-21 09:32:42'),
('69','69','Deleniti aut ullam qui et illo quos animi voluptatum.','69','2008-06-13 19:15:52'),
('70','70','Hic officiis minima non quaerat.','70','2013-02-26 09:43:36'),
('71','71','Ex saepe velit aut culpa iure amet.','71','2010-09-27 18:29:49'),
('72','72','Laborum ut id suscipit voluptate.','72','1994-08-13 10:38:18'),
('73','73','Ab possimus et aut.','73','1993-04-08 14:18:00'),
('74','74','Perferendis voluptatem excepturi delectus ut quas error.','74','1986-05-29 17:39:41'),
('75','75','Quos voluptas id harum nostrum.','75','2011-04-29 14:00:36'),
('76','76','Commodi provident enim est tempora dolorum voluptates quisquam.','76','2012-04-14 13:31:31'),
('77','77','Aperiam sed ex consequuntur soluta.','77','2006-02-19 15:14:04'),
('78','78','Sapiente minima assumenda velit perferendis voluptates voluptas.','78','1973-01-05 22:06:25'),
('79','79','Architecto magni delectus qui rerum blanditiis.','79','1970-06-17 04:23:39'),
('80','80','Consequuntur illo facilis dicta quo.','80','1999-07-26 17:28:34'),
('81','81','Et et eligendi quia et blanditiis.','81','1999-01-16 16:34:09'),
('82','82','Quos in et eos qui nulla voluptatibus quia fugiat.','82','1983-01-24 05:26:04'),
('83','83','Est inventore et dolores unde repellat.','83','2002-08-21 04:39:36'),
('84','84','Corrupti repellendus nobis rerum omnis suscipit reprehenderit.','84','1988-07-06 09:17:29'),
('85','85','Quam temporibus totam sint nesciunt numquam.','85','2000-09-10 15:42:42'),
('86','86','Ab aperiam quia at.','86','1975-02-10 05:01:54'),
('87','87','At voluptas ut temporibus.','87','1985-08-04 13:27:42'),
('88','88','Ad ducimus quisquam eos quam.','88','2005-02-13 22:06:23'),
('89','89','Voluptas architecto expedita vel.','89','1995-10-19 13:56:50'),
('90','90','Accusantium omnis enim maxime et ad.','90','1990-08-16 00:17:33'),
('91','91','Et autem optio sapiente id cumque.','91','1982-08-26 22:16:44'),
('92','92','Nostrum quia est asperiores natus sit.','92','2009-10-21 14:03:05'),
('93','93','Aut iusto voluptatum neque quibusdam dolore aut autem.','93','1970-12-11 03:06:03'),
('94','94','Sed voluptatem aliquid sit consequatur odio.','94','2002-03-14 11:03:37'),
('95','95','Eius qui non quibusdam labore quo corrupti ut.','95','1978-07-15 00:17:47'),
('96','96','Totam est sapiente voluptatem saepe corrupti doloribus saepe.','96','1973-10-02 05:28:31'),
('97','97','Commodi magni distinctio ipsum cumque aut.','97','1991-11-28 18:52:24'),
('98','98','Id eligendi et sint non neque est similique.','98','1983-05-26 17:35:48'),
('99','99','Ratione aut aut dolor impedit.','99','2001-10-17 10:52:52'),
('100','100','Qui tenetur quisquam nostrum provident magni sit esse.','100','1991-04-19 04:37:11'); 


DROP TABLE IF EXISTS `communities`;
CREATE TABLE `communities` (
  `id` bigint(20) unsigned NOT NULL AUTO_INCREMENT,
  `name` varchar(150) COLLATE utf8_unicode_ci DEFAULT NULL,
  PRIMARY KEY (`id`),
  KEY `communities_name_idx` (`name`)
) ENGINE=InnoDB AUTO_INCREMENT=101 DEFAULT CHARSET=utf8 COLLATE=utf8_unicode_ci;

INSERT INTO `communities` VALUES ('87','adipisci'),
('19','alias'),
('80','alias'),
('78','animi'),
('83','aperiam'),
('30','asperiores'),
('71','asperiores'),
('24','aut'),
('31','aut'),
('2','autem'),
('69','beatae'),
('43','blanditiis'),
('8','commodi'),
('97','consequuntur'),
('82','corporis'),
('4','deserunt'),
('46','dolor'),
('92','dolor'),
('86','dolore'),
('6','dolores'),
('53','dolorum'),
('3','ducimus'),
('85','ea'),
('79','eius'),
('98','eos'),
('12','est'),
('35','et'),
('52','et'),
('59','et'),
('75','et'),
('100','et'),
('88','eum'),
('13','excepturi'),
('49','excepturi'),
('7','hic'),
('16','hic'),
('29','hic'),
('9','id'),
('47','impedit'),
('15','in'),
('91','in'),
('70','ipsa'),
('39','iusto'),
('60','magnam'),
('50','maxime'),
('64','molestiae'),
('84','nam'),
('17','natus'),
('20','necessitatibus'),
('73','neque'),
('33','nesciunt'),
('56','nihil'),
('22','nisi'),
('26','non'),
('95','non'),
('96','non'),
('27','nostrum'),
('66','occaecati'),
('81','odit'),
('45','omnis'),
('54','pariatur'),
('72','porro'),
('93','quas'),
('28','qui'),
('40','qui'),
('89','qui'),
('10','quia'),
('37','quia'),
('51','quia'),
('68','quia'),
('94','quibusdam'),
('99','quis'),
('11','quo'),
('14','quo'),
('77','quod'),
('65','quos'),
('34','ratione'),
('38','repellendus'),
('1','rerum'),
('42','rerum'),
('63','rerum'),
('76','rerum'),
('25','saepe'),
('62','sed'),
('36','similique'),
('41','sint'),
('44','sint'),
('18','soluta'),
('90','soluta'),
('21','tempore'),
('57','ullam'),
('58','unde'),
('67','unde'),
('23','ut'),
('55','ut'),
('32','vel'),
('5','voluptatem'),
('48','voluptatem'),
('61','voluptatem'),
('74','voluptatem'); 


DROP TABLE IF EXISTS `friend_requests`;
CREATE TABLE `friend_requests` (
  `initiator_user_id` bigint(20) unsigned NOT NULL,
  `target_user_id` bigint(20) unsigned NOT NULL,
  `status` enum('requested','approved','unfriended','declined') COLLATE utf8_unicode_ci DEFAULT NULL,
  `requested_at` datetime DEFAULT current_timestamp(),
  `confirmed_at` datetime DEFAULT NULL,
  PRIMARY KEY (`initiator_user_id`,`target_user_id`),
  KEY `initiator_user_id` (`initiator_user_id`),
  KEY `target_user_id` (`target_user_id`),
  CONSTRAINT `friend_requests_ibfk_1` FOREIGN KEY (`initiator_user_id`) REFERENCES `users` (`id`),
  CONSTRAINT `friend_requests_ibfk_2` FOREIGN KEY (`target_user_id`) REFERENCES `users` (`id`)
) ENGINE=InnoDB DEFAULT CHARSET=utf8 COLLATE=utf8_unicode_ci;

INSERT INTO `friend_requests` VALUES ('1','1','','2006-04-16 17:44:29','1995-06-30 22:00:49'),
('2','2','','2018-12-26 00:10:49','2003-04-09 04:16:22'),
('3','3','','2016-08-12 19:05:18','1989-06-16 15:04:06'),
('4','4','','1985-06-26 10:27:55','2013-02-04 17:06:06'),
('5','5','','1996-02-12 17:17:43','1996-09-25 18:34:49'),
('6','6','','1986-09-10 11:13:57','1998-04-19 11:04:36'),
('7','7','','1975-07-22 13:21:55','1986-02-10 08:51:09'),
('8','8','','2005-09-19 07:51:28','2008-11-20 11:40:45'),
('9','9','','1990-09-18 07:42:50','1986-09-23 15:23:54'),
('10','10','','1998-12-30 09:17:20','1993-09-14 02:33:26'),
('11','11','','1992-11-28 11:05:57','1977-05-12 19:12:30'),
('12','12','','2010-12-12 22:14:51','1997-06-19 02:53:57'),
('13','13','','1990-04-15 16:17:18','1997-12-10 11:23:34'),
('14','14','','1980-01-04 02:17:49','1996-07-31 16:39:42'),
('15','15','','2014-03-11 20:30:26','1985-10-14 01:15:31'),
('16','16','','1981-02-05 17:41:24','2016-04-30 22:23:06'),
('17','17','','2009-09-03 17:18:10','2018-10-05 14:56:30'),
('18','18','','2005-01-20 11:52:02','1997-04-17 09:34:55'),
('19','19','','2014-05-26 05:59:40','1991-01-14 00:30:49'),
('20','20','','1990-12-03 07:48:34','1973-11-17 11:42:54'),
('21','21','','1981-10-27 02:25:18','1998-03-03 19:44:12'),
('22','22','','1990-01-12 10:10:47','1984-05-31 18:30:26'),
('23','23','','2007-12-06 07:17:36','2005-03-13 12:00:43'),
('24','24','','2019-08-10 04:56:54','1996-12-25 19:41:43'),
('25','25','','2007-02-21 03:45:54','2016-11-04 16:36:50'),
('26','26','','2003-05-31 12:14:29','1991-04-16 00:15:45'),
('27','27','','1974-04-28 07:38:05','1977-05-16 11:39:56'),
('28','28','','1986-02-07 11:54:23','1994-05-15 02:11:20'),
('29','29','','1989-04-19 19:03:15','2009-10-27 04:53:23'),
('30','30','','2016-10-25 21:08:44','1979-08-08 23:50:41'),
('31','31','','1993-10-10 21:49:03','1994-04-19 18:34:08'),
('32','32','','1995-01-19 08:31:11','1973-06-20 08:27:47'),
('33','33','','1993-06-26 00:19:11','1999-02-28 06:18:00'),
('34','34','','2017-08-23 11:43:13','2002-10-10 19:35:51'),
('35','35','','1994-01-08 11:09:08','1978-09-01 14:30:10'),
('36','36','','1982-10-12 01:41:24','1972-04-23 04:43:10'),
('37','37','','2001-07-30 20:40:22','2012-08-16 04:10:01'),
('38','38','','1981-04-07 14:29:45','1998-08-01 02:58:29'),
('39','39','','1990-01-08 22:02:03','1988-04-13 12:32:48'),
('40','40','','1983-04-17 05:35:03','2013-03-23 06:19:01'),
('41','41','','1982-01-09 15:42:39','2018-09-20 21:26:52'),
('42','42','','2011-07-23 21:23:43','1979-11-08 17:07:14'),
('43','43','','1991-12-25 17:09:53','2005-07-14 18:34:33'),
('44','44','','2007-12-01 22:54:40','1983-10-04 20:24:52'),
('45','45','','1973-07-16 12:37:47','2004-02-29 12:36:34'),
('46','46','','2002-07-27 20:23:03','1986-04-29 12:08:45'),
('47','47','','1994-11-27 19:19:32','1976-07-02 13:05:18'),
('48','48','','2007-10-22 17:31:22','2009-04-02 01:01:22'),
('49','49','','1991-05-26 00:43:58','2003-09-04 00:00:46'),
('50','50','','2017-04-17 03:21:28','1996-11-01 20:35:59'),
('51','51','','1999-01-26 13:53:54','1997-03-02 03:30:39'),
('52','52','','1971-08-18 23:50:20','1989-03-07 02:43:59'),
('53','53','','2012-01-30 07:42:19','2006-05-25 06:37:23'),
('54','54','','2015-09-26 00:32:17','2007-07-12 19:41:04'),
('55','55','','1993-03-17 23:49:49','1994-11-24 07:45:42'),
('56','56','','2003-02-27 21:45:31','1981-04-15 17:54:06'),
('57','57','','2015-07-07 04:41:43','1990-08-08 01:39:52'),
('58','58','','2007-11-04 17:45:24','2006-10-27 08:56:33'),
('59','59','','2005-01-04 18:43:17','1974-03-25 01:09:13'),
('60','60','','2019-02-01 21:12:16','2007-07-23 00:40:28'),
('61','61','','1999-05-25 12:07:34','2020-01-23 02:16:56'),
('62','62','','1971-08-15 15:04:54','1979-04-27 16:12:24'),
('63','63','','2017-05-30 15:33:48','1987-09-29 00:38:49'),
('64','64','','2019-02-19 08:20:31','1973-04-12 21:50:45'),
('65','65','','1977-02-09 20:36:09','1973-01-27 16:17:17'),
('66','66','','1971-04-03 00:09:32','1987-02-02 01:41:59'),
('67','67','','1977-03-19 18:54:54','2009-04-03 17:26:01'),
('68','68','','1983-04-10 12:01:57','2019-03-03 10:08:40'),
('69','69','','1994-08-12 08:35:53','2015-10-27 05:03:09'),
('70','70','','2014-11-23 13:37:11','1972-03-24 05:29:39'),
('71','71','','2011-09-23 02:04:16','1998-08-21 21:47:49'),
('72','72','','2001-12-09 21:14:19','1979-02-16 11:11:31'),
('73','73','','1991-05-23 12:44:12','1983-03-16 19:42:04'),
('74','74','','1998-10-26 23:27:02','1973-05-05 05:11:58'),
('75','75','','1996-01-01 12:20:24','1974-04-24 18:12:06'),
('76','76','','1985-07-03 21:21:58','1977-11-21 13:48:00'),
('77','77','','2008-09-17 00:49:30','2009-12-11 14:09:28'),
('78','78','','2015-03-27 23:40:43','1986-03-12 08:26:48'),
('79','79','','1972-03-03 00:10:22','1987-05-10 21:01:54'),
('80','80','','1975-09-13 16:21:13','1992-01-09 07:31:25'),
('81','81','','2006-04-21 23:28:41','1996-11-01 17:19:48'),
('82','82','','1989-01-18 22:40:41','2019-01-21 07:55:54'),
('83','83','','1984-02-24 17:15:43','1996-10-02 21:58:45'),
('84','84','','1974-08-28 09:08:38','2017-04-11 10:17:24'),
('85','85','','2007-02-11 07:18:28','2017-11-11 21:41:56'),
('86','86','','2014-06-07 19:20:54','1996-05-27 05:50:42'),
('87','87','','1992-06-24 23:06:03','1994-10-25 14:53:45'),
('88','88','','1978-02-02 17:09:28','1973-11-13 18:37:54'),
('89','89','','1981-03-18 06:12:54','1971-09-19 20:30:33'),
('90','90','','1972-02-12 07:04:00','2005-04-20 22:57:13'),
('91','91','','2001-04-15 13:57:04','1971-02-12 14:20:20'),
('92','92','','1976-11-23 09:14:31','2017-09-11 08:32:52'),
('93','93','','2007-01-08 07:36:22','1991-01-19 07:55:13'),
('94','94','','1991-02-16 08:18:55','1986-03-25 19:52:40'),
('95','95','','1998-01-15 02:26:24','2005-01-04 06:38:12'),
('96','96','','1988-09-26 09:26:06','1973-01-30 10:34:13'),
('97','97','','1985-03-08 15:29:49','1984-06-04 19:23:24'),
('98','98','','1981-10-15 18:50:32','1992-11-13 08:37:35'),
('99','99','','1989-09-21 11:32:42','2012-02-20 20:12:46'),
('100','100','','2019-06-24 16:08:53','1970-02-06 10:06:30'); 


DROP TABLE IF EXISTS `likes`;
CREATE TABLE `likes` (
  `id` bigint(20) unsigned NOT NULL AUTO_INCREMENT,
  `user_id` bigint(20) unsigned NOT NULL,
  `media_id` bigint(20) unsigned NOT NULL,
  `created_at` datetime DEFAULT current_timestamp(),
  PRIMARY KEY (`id`)
) ENGINE=InnoDB AUTO_INCREMENT=101 DEFAULT CHARSET=utf8 COLLATE=utf8_unicode_ci;

INSERT INTO `likes` VALUES ('1','1','1','2002-08-11 06:21:16'),
('2','2','2','2000-10-14 10:43:15'),
('3','3','3','2010-11-03 04:48:36'),
('4','4','4','1998-05-03 01:45:27'),
('5','5','5','1996-03-03 10:34:11'),
('6','6','6','2000-08-05 23:01:14'),
('7','7','7','1986-12-19 11:16:02'),
('8','8','8','1998-11-02 01:43:18'),
('9','9','9','2010-02-23 16:34:33'),
('10','10','10','2006-12-17 04:56:07'),
('11','11','11','2005-06-20 13:34:47'),
('12','12','12','1980-08-13 23:13:02'),
('13','13','13','1970-10-05 00:17:51'),
('14','14','14','1986-02-13 06:47:34'),
('15','15','15','2001-02-21 00:46:44'),
('16','16','16','1974-01-26 18:30:54'),
('17','17','17','1977-11-28 17:14:36'),
('18','18','18','1994-08-24 21:24:46'),
('19','19','19','1979-02-07 14:57:55'),
('20','20','20','1981-08-23 12:19:03'),
('21','21','21','1979-08-30 22:28:19'),
('22','22','22','2019-05-27 18:00:54'),
('23','23','23','2001-04-09 09:19:51'),
('24','24','24','1996-12-16 13:11:46'),
('25','25','25','1990-10-26 22:52:07'),
('26','26','26','2015-11-19 00:03:23'),
('27','27','27','1988-07-17 16:06:28'),
('28','28','28','2015-07-15 04:14:15'),
('29','29','29','1980-07-13 23:12:08'),
('30','30','30','1971-05-12 13:35:10'),
('31','31','31','1982-07-22 11:02:54'),
('32','32','32','2002-06-13 04:49:23'),
('33','33','33','2018-02-18 18:48:57'),
('34','34','34','1975-12-19 20:43:28'),
('35','35','35','2005-03-04 23:47:50'),
('36','36','36','2013-10-28 16:29:33'),
('37','37','37','2007-06-06 09:11:13'),
('38','38','38','2010-07-12 15:36:19'),
('39','39','39','1992-03-24 09:24:12'),
('40','40','40','1993-10-04 01:29:52'),
('41','41','41','2014-10-01 09:31:12'),
('42','42','42','2000-08-28 03:56:41'),
('43','43','43','2016-12-21 23:57:03'),
('44','44','44','1971-05-26 17:21:50'),
('45','45','45','2002-12-20 09:05:48'),
('46','46','46','1982-11-14 00:05:59'),
('47','47','47','1982-01-10 08:30:30'),
('48','48','48','1976-10-07 10:01:36'),
('49','49','49','1995-07-05 04:54:22'),
('50','50','50','2017-01-09 12:26:04'),
('51','51','51','2010-11-08 08:36:45'),
('52','52','52','2003-04-11 08:58:45'),
('53','53','53','1997-04-25 03:05:49'),
('54','54','54','1977-11-01 04:56:38'),
('55','55','55','1970-03-08 10:34:15'),
('56','56','56','2010-07-25 19:01:51'),
('57','57','57','1978-06-18 07:38:26'),
('58','58','58','1987-12-27 02:07:44'),
('59','59','59','2012-09-08 01:06:36'),
('60','60','60','2009-09-30 10:20:27'),
('61','61','61','2005-04-06 14:41:31'),
('62','62','62','1990-11-03 20:58:43'),
('63','63','63','2000-02-03 04:22:06'),
('64','64','64','1984-12-09 13:55:07'),
('65','65','65','2003-08-17 07:00:29'),
('66','66','66','2000-05-26 14:41:52'),
('67','67','67','2013-10-22 15:50:17'),
('68','68','68','2019-02-05 21:25:49'),
('69','69','69','1996-04-03 22:18:45'),
('70','70','70','1986-02-05 00:59:52'),
('71','71','71','2009-01-19 21:24:15'),
('72','72','72','2006-05-19 04:22:33'),
('73','73','73','1994-12-10 02:25:02'),
('74','74','74','1988-01-09 04:55:34'),
('75','75','75','1986-02-19 01:56:15'),
('76','76','76','2007-12-29 17:56:44'),
('77','77','77','1976-07-02 16:10:49'),
('78','78','78','1981-01-14 09:11:29'),
('79','79','79','1999-07-01 15:49:08'),
('80','80','80','2010-10-02 00:08:55'),
('81','81','81','1976-02-13 04:59:24'),
('82','82','82','1991-11-20 07:40:20'),
('83','83','83','1991-09-10 04:12:21'),
('84','84','84','1993-07-14 02:52:17'),
('85','85','85','1985-04-13 22:43:28'),
('86','86','86','1995-06-29 09:07:43'),
('87','87','87','2017-11-21 10:34:40'),
('88','88','88','2005-07-08 01:27:18'),
('89','89','89','2018-01-17 07:30:11'),
('90','90','90','2016-11-18 07:07:16'),
('91','91','91','1995-03-08 10:23:30'),
('92','92','92','1974-12-16 11:51:06'),
('93','93','93','2005-11-18 04:12:05'),
('94','94','94','1996-01-13 12:17:15'),
('95','95','95','2019-10-10 20:58:36'),
('96','96','96','1971-12-24 23:02:09'),
('97','97','97','1999-07-06 21:22:19'),
('98','98','98','1994-08-01 07:45:13'),
('99','99','99','2005-06-15 17:20:54'),
('100','100','100','2000-07-08 21:48:50'); 


DROP TABLE IF EXISTS `media`;
CREATE TABLE `media` (
  `id` bigint(20) unsigned NOT NULL AUTO_INCREMENT,
  `media_type_id` bigint(20) unsigned NOT NULL,
  `user_id` bigint(20) unsigned NOT NULL,
  `body` text COLLATE utf8_unicode_ci DEFAULT NULL,
  `filename` varchar(255) COLLATE utf8_unicode_ci DEFAULT NULL,
  `size` int(11) DEFAULT NULL,
  `metadata` longtext CHARACTER SET utf8mb4 COLLATE utf8mb4_bin DEFAULT NULL,
  `created_at` datetime DEFAULT current_timestamp(),
  `updated_at` datetime DEFAULT current_timestamp() ON UPDATE current_timestamp(),
  PRIMARY KEY (`id`),
  KEY `user_id` (`user_id`),
  KEY `media_type_id` (`media_type_id`),
  CONSTRAINT `media_ibfk_1` FOREIGN KEY (`user_id`) REFERENCES `users` (`id`),
  CONSTRAINT `media_ibfk_2` FOREIGN KEY (`media_type_id`) REFERENCES `media_types` (`id`)
) ENGINE=InnoDB AUTO_INCREMENT=101 DEFAULT CHARSET=utf8 COLLATE=utf8_unicode_ci;

INSERT INTO `media` VALUES ('1','1','1','Sapiente soluta earum voluptatem non consequatur. Voluptatem rerum et earum temporibus. Repudiandae delectus qui quae tempora omnis voluptatem.','molestiae','39423',NULL,'2016-02-27 06:59:50','2010-04-12 18:57:09'),
('2','2','2','Dolorem aut aspernatur sed ut velit. Magnam nemo omnis ratione sit veniam nihil adipisci. Quod saepe ut possimus occaecati excepturi quae modi a. Minima quidem temporibus ipsam aut voluptas ab est in.','eaque','97615702',NULL,'1988-01-01 09:07:47','1992-11-20 02:00:23'),
('3','3','3','Vero aut quod ipsum laboriosam quis optio consequatur dicta. Nesciunt dolores fugiat doloremque neque sit quis voluptatem dolorum. Suscipit ipsum quod dolorum sed omnis.','consequatur','7687225',NULL,'2014-11-30 09:31:07','2017-01-13 12:05:30'),
('4','4','4','Reprehenderit voluptas est quia dolor. Sint est ipsam vitae dolorem recusandae dolore rerum. Dolores omnis ut dolore et. Et suscipit delectus qui qui non.','officiis','93515',NULL,'1995-08-20 18:39:23','1971-01-11 04:58:48'),
('5','5','5','Et voluptate adipisci eligendi occaecati quidem. Eveniet laborum cum nemo recusandae quasi totam eaque. Ea asperiores fugiat autem fugiat. Nulla velit sint pariatur cupiditate similique.','illum','8083360',NULL,'1991-10-11 09:27:45','2004-09-26 23:48:39'),
('6','6','6','Veritatis est quas et ut aspernatur asperiores autem quibusdam. Earum qui totam debitis eveniet minus. Est quisquam molestiae culpa. Dicta dolorem magni ut et.','iusto','4144',NULL,'1971-11-08 02:42:20','2009-08-05 06:59:01'),
('7','7','7','Suscipit cupiditate nam illum et unde. Praesentium architecto non consectetur voluptas. Iste cum et nihil illo. Ipsum sit pariatur dolor id dolores maiores placeat.','voluptatem','834756729',NULL,'1971-07-28 19:31:18','1998-08-10 11:23:35'),
('8','8','8','Reprehenderit dolores repudiandae cum recusandae nulla et non occaecati. Earum architecto quis enim inventore consequuntur. Suscipit blanditiis non hic eaque doloribus adipisci ad ullam. Beatae repellat ut facilis nam aliquid voluptatem dolorum.','ea','5587459',NULL,'1986-11-28 05:57:59','1996-11-25 19:37:50'),
('9','9','9','Cum nemo delectus sint quasi velit. Laboriosam mollitia et quia fuga. Ut adipisci magnam eum nihil facere reprehenderit. Quo illum deleniti qui velit aut vitae.','rerum','3063',NULL,'1979-09-02 13:01:45','1976-12-15 03:41:45'),
('10','10','10','Quod rem doloribus aliquam quia autem nihil. Sequi soluta doloribus eum in unde id. A voluptas voluptatem incidunt autem. Dolore provident consequuntur incidunt minima beatae veniam maxime.','voluptatum','40065805',NULL,'1996-03-08 15:48:51','1989-10-26 00:20:27'),
('11','11','11','Et quia eligendi itaque nisi ipsam animi blanditiis. Accusamus sapiente porro eligendi itaque sed animi. Excepturi temporibus corrupti velit et fuga error ut. Perferendis unde sunt ipsa.','et','5',NULL,'2016-08-02 10:19:10','2010-08-24 20:18:22'),
('12','12','12','Expedita tenetur et voluptas nemo. Iure a expedita quis doloribus. Magnam unde non nulla. Vitae et nihil similique ab aliquam.','aut','0',NULL,'2018-04-20 07:53:03','2005-07-29 01:55:07'),
('13','13','13','Et dolorem eveniet doloremque dolore quod et omnis qui. Qui illo ut voluptate eos voluptatem sit. Ex perferendis mollitia architecto eligendi quibusdam odio.','doloremque','5780304',NULL,'2000-12-11 01:33:26','2008-06-09 17:49:56'),
('14','14','14','Nihil id mollitia laborum impedit fuga hic. Ducimus sapiente autem sunt quod blanditiis. Sed sed at aperiam dolorem voluptatibus dolor.','voluptas','623',NULL,'1986-04-22 19:29:47','1986-06-27 22:48:35'),
('15','15','15','Similique assumenda ut quasi fugiat eaque asperiores nostrum. Dicta autem qui deleniti tempora error debitis perferendis doloremque. Ipsam eius tempore iusto. Officia rerum omnis asperiores tenetur voluptatem rerum. Magnam et magni id eum officiis sed.','sit','92418736',NULL,'1991-06-19 01:32:39','1972-02-27 06:57:20'),
('16','16','16','Ad eum necessitatibus sapiente nihil non. Iure qui rem dolorem velit. Necessitatibus corporis rem in aliquid nemo illum veniam ullam. Et autem ratione distinctio qui illo ut. Voluptatem qui vitae molestias.','et','5',NULL,'1999-06-03 15:18:30','2015-01-03 08:16:27'),
('17','17','17','Illo ea eius omnis eligendi est autem sint. Sunt aspernatur aliquid debitis. Incidunt quisquam quas omnis dolores ipsam eum aliquam.','ut','83872010',NULL,'2008-07-22 03:47:44','2019-03-15 09:08:33'),
('18','18','18','Aspernatur doloremque veniam architecto. Qui ratione nostrum alias quas perspiciatis mollitia. Hic ullam in magni doloremque odit.','enim','0',NULL,'1985-08-23 21:20:22','1987-02-06 00:08:41'),
('19','19','19','Sapiente voluptatibus perspiciatis ut officia labore. Voluptas saepe natus molestiae perspiciatis distinctio. Aliquam quaerat sed nostrum.','omnis','727423',NULL,'2009-12-26 02:52:26','2004-12-30 22:02:45'),
('20','20','20','Praesentium sunt alias culpa iure quo molestiae. In vitae dolores fuga ipsum. Corporis eos nulla ratione.','saepe','8019',NULL,'2009-11-28 23:28:28','1980-04-15 22:53:38'),
('21','21','21','Accusantium sequi ut commodi est. Libero minima ea voluptas numquam eligendi velit. Quasi dignissimos sunt adipisci est sunt est. Voluptatem qui nesciunt veritatis iusto dolorem saepe qui.','fugit','257405736',NULL,'2013-05-17 23:06:00','1974-06-04 05:51:29'),
('22','22','22','Voluptas delectus dolores possimus aliquid possimus aliquam. Eligendi consectetur voluptatum sint ut eos veniam iure. Sit eaque iure ipsa consequatur sit.','ipsum','718339',NULL,'2007-04-12 00:45:24','1989-11-16 11:25:56'),
('23','23','23','Possimus officia quasi ipsum neque deserunt hic. Laboriosam natus ex corrupti enim ea.','tempore','485914',NULL,'2019-12-05 22:51:16','1980-04-22 07:22:08'),
('24','24','24','Neque et atque unde velit possimus nisi quibusdam doloribus. Possimus eum dolore alias saepe voluptas. Dolorum eveniet omnis ex ea suscipit architecto maxime. Et est quod quam qui non ut reiciendis dolor.','quaerat','2887',NULL,'2009-05-11 12:36:57','1983-12-05 05:53:48'),
('25','25','25','Sunt architecto pariatur sapiente. Accusantium labore eligendi perferendis veniam.','et','77950',NULL,'1983-07-10 19:23:49','1979-01-11 02:17:04'),
('26','26','26','Deleniti ut officiis cumque veritatis praesentium dolorum illo. Quisquam mollitia explicabo blanditiis sed eum. Aut qui quis dolor autem sint. Dolore sint est et at.','nihil','58',NULL,'1988-03-26 16:28:05','1985-06-20 15:24:13'),
('27','27','27','Ab culpa minus veniam sunt perspiciatis ratione. Ducimus labore est molestiae amet qui. Enim incidunt dicta minima quia optio nam quibusdam. Maxime cumque voluptatibus modi.','earum','1540254',NULL,'1998-06-03 09:06:45','2019-08-26 16:59:59'),
('28','28','28','Aut soluta qui repellendus et. Itaque odit voluptatum dolor sed. Iure exercitationem maxime architecto tempore. Eos et quaerat ullam dignissimos.','quasi','8267',NULL,'2010-07-04 19:17:02','2004-09-16 01:20:35'),
('29','29','29','Repellendus voluptate sunt quae sed vel cum. Architecto dolor ea distinctio ea quia qui et minus. Qui repellendus sed quas similique.','eum','837',NULL,'2003-06-08 09:18:55','2019-08-31 12:11:10'),
('30','30','30','Labore est accusamus ipsa quisquam corrupti doloribus. Incidunt suscipit in rerum et. Autem officia similique officia tempore.','possimus','4',NULL,'2010-08-05 04:26:52','1984-09-09 16:26:31'),
('31','31','31','Ex ab animi voluptas dolorum consequatur animi reprehenderit. Quam temporibus amet et sunt adipisci. Ad veniam impedit sunt sequi. Omnis enim itaque excepturi labore reprehenderit et.','natus','981',NULL,'2009-01-12 23:14:53','2008-03-16 19:44:31'),
('32','32','32','Explicabo et suscipit rem ut aut dolores ea aut. Voluptatem sed dolorem unde repudiandae et neque. Velit consequatur quia est voluptas rerum iusto consequatur maiores.','fuga','830380329',NULL,'1977-12-29 09:15:32','2016-09-23 09:09:45'),
('33','33','33','Sed accusamus ipsam dolore qui odio odit. Neque qui provident natus id et placeat nemo. Officiis qui et repudiandae molestiae et voluptatem est voluptatibus. Excepturi voluptates quos natus ipsa sunt quisquam harum animi. Ducimus error quia ipsam aut eaque.','molestias','827395',NULL,'1991-02-19 21:22:34','1981-03-15 09:20:07'),
('34','34','34','Enim ut quibusdam sed excepturi et sit enim. Autem quasi ea laudantium quis eligendi. Fuga facilis et excepturi quia voluptate ea illum.','repudiandae','501502',NULL,'1992-08-23 04:44:44','1980-09-07 22:32:59'),
('35','35','35','Veritatis odit sit explicabo. Numquam eum illum perferendis nam iure nisi et. Provident soluta alias eaque consectetur non. At officiis inventore quia nihil aut.','pariatur','4650',NULL,'1997-06-30 04:04:47','1995-04-13 11:42:16'),
('36','36','36','Quis tempora nihil et officia et blanditiis sit. Repudiandae quam maiores ut maiores. Et iure doloribus dolorum non aliquid voluptate qui.','voluptatum','726346',NULL,'1997-09-19 03:00:47','1984-11-04 07:51:10'),
('37','37','37','Et et eius sit ad eum id qui. Ullam ut maiores molestias recusandae sit quia quod. Et vero sapiente suscipit doloremque. Et quia facilis et quia quo.','qui','975',NULL,'1985-02-16 14:06:14','1994-09-26 04:55:11'),
('38','38','38','Quos qui iusto saepe tempore odio voluptate occaecati. Aperiam corporis iste omnis in. Qui ex adipisci aut eum nostrum aperiam ratione. Architecto saepe sit sint quis in velit omnis.','officia','4889',NULL,'1991-09-24 14:53:07','1991-12-17 18:21:48'),
('39','39','39','Molestiae ut optio dolor est vel necessitatibus sunt. Et et voluptates ut enim atque nihil. Laboriosam voluptas laborum culpa hic sequi voluptas minus. Quas unde enim blanditiis eos velit.','modi','78988',NULL,'1994-03-30 20:37:43','1982-06-28 13:17:29'),
('40','40','40','Suscipit officia earum occaecati quidem id est. Est omnis aut minima quod est eligendi molestiae vitae. Deleniti exercitationem quis cum minima praesentium quos qui.','et','4265',NULL,'1973-12-11 04:53:40','1991-09-16 08:15:13'),
('41','41','41','Soluta in quia minus quo ut error nobis qui. Laudantium et perspiciatis rerum quisquam magni odit. Vel nobis perspiciatis porro voluptatibus cum molestiae amet. Quis asperiores sed sunt unde eius aliquid. Impedit eum veniam recusandae aut asperiores.','rerum','0',NULL,'2009-03-04 21:43:09','2001-12-10 12:26:37'),
('42','42','42','Nisi repellat distinctio similique est expedita. Nostrum rem consequatur ab. A provident et repellat dolorum.','eius','39917',NULL,'2013-08-02 11:22:44','1974-11-05 02:09:43'),
('43','43','43','Facilis libero voluptas id in autem vel laborum. Quas necessitatibus enim nostrum. Accusantium quia voluptatem labore quo nobis.','suscipit','9',NULL,'1991-07-24 23:33:36','2005-04-22 07:09:02'),
('44','44','44','Blanditiis est maxime maiores rerum possimus nihil cumque. Voluptate cum et ullam fugiat sit esse. Consequuntur vel vitae quisquam ullam magnam corrupti.','fugit','86',NULL,'1989-02-07 05:02:43','2013-03-14 15:44:40'),
('45','45','45','Sed qui ab voluptatibus ullam. Qui fugiat aut dolorem optio. Distinctio perspiciatis aut iure et voluptates fugiat sit aut.','facere','45',NULL,'2008-10-19 04:49:57','2005-02-26 04:32:44'),
('46','46','46','Ea minus quasi recusandae praesentium. Enim tenetur ut corrupti fugiat quisquam amet. Aliquid quo eveniet laborum. Aut modi ut et quo. Voluptates repudiandae autem expedita quaerat aut at dicta.','nobis','2033',NULL,'2014-05-23 10:56:06','2016-03-30 02:31:47'),
('47','47','47','Iste adipisci autem eaque laboriosam tempora. Expedita asperiores quasi nesciunt cum dolores rerum molestias et. Enim cum nam enim. Sequi ut laboriosam non rerum saepe in quod. Deserunt rerum commodi eveniet quia aut ut vero.','qui','7746150',NULL,'2019-11-18 18:35:45','1982-02-09 22:47:14'),
('48','48','48','Ut sit dolorem est facere non. Dolor commodi eveniet natus minus voluptate repellendus atque. Illo excepturi corporis officia omnis. Iusto velit aut ut dolorum excepturi.','reprehenderit','178621',NULL,'1989-03-15 14:21:48','1989-06-22 13:05:24'),
('49','49','49','Eveniet aliquam et fuga dolorum dolor laudantium at. Vitae aliquid saepe esse odit illum deserunt. Sit quas id quasi facere omnis ad veritatis. Quis mollitia velit velit sit ab accusantium.','enim','0',NULL,'2003-02-16 04:42:26','2015-08-24 04:49:36'),
('50','50','50','Aut commodi laboriosam dignissimos. Totam omnis qui nulla dolor ipsum atque sit. Beatae minima odio dolorem.','quidem','6',NULL,'1996-09-13 17:35:24','2003-01-15 04:57:17'),
('51','51','51','Fuga laboriosam sit harum aspernatur est. Deleniti autem impedit totam enim sit placeat corporis. Nobis esse dicta nesciunt dolore.','voluptatem','916180',NULL,'1987-10-30 18:05:12','1976-08-15 16:44:01'),
('52','52','52','Voluptatem qui labore corporis numquam error sint ut. Ea eos blanditiis facere quos et.','dicta','370820',NULL,'1974-04-24 12:47:50','1981-08-07 18:49:26'),
('53','53','53','Quod ut ad architecto eum. Necessitatibus atque omnis sunt corrupti facere qui. Sed maxime repudiandae ex accusantium. Qui ab enim est. Alias quis aut asperiores repudiandae minima cupiditate sit.','eveniet','2',NULL,'1971-05-03 12:39:43','1998-07-17 09:36:27'),
('54','54','54','Facilis itaque qui corrupti harum. Eius placeat sint unde numquam quia occaecati perspiciatis. Architecto pariatur consequatur explicabo illo nam praesentium omnis.','nihil','7144752',NULL,'1986-05-01 15:28:42','2005-08-26 14:13:36'),
('55','55','55','Est dolorum sit qui. Voluptatem accusantium dolore quidem magnam facere animi. Facere voluptas dolor doloribus.','officia','9601025',NULL,'1992-02-03 20:07:44','2014-10-28 16:23:32'),
('56','56','56','Numquam voluptatem assumenda repudiandae labore velit. Aut officia non autem reprehenderit autem sit quas. Magni numquam voluptatem nesciunt quibusdam omnis velit et.','quidem','0',NULL,'2018-07-05 10:34:25','1992-08-29 17:58:02'),
('57','57','57','Suscipit velit reiciendis similique quaerat exercitationem facere atque soluta. Eum fugiat cum voluptatum sit in nulla. Eum aliquam culpa commodi aut omnis.','odit','0',NULL,'1976-02-06 07:13:49','1997-08-23 20:17:41'),
('58','58','58','Et dolore maiores aut eligendi. Aliquam similique atque suscipit occaecati natus dicta laborum. Laborum amet dolore est aut. Sint repellat voluptatem tempora ea quis voluptatem sed.','consequuntur','2228',NULL,'1977-05-09 00:28:24','1970-05-06 19:10:35'),
('59','59','59','Iste placeat aut aliquid. Nihil error ut molestiae libero at omnis eum. Sequi autem quam vero molestias enim aperiam rerum sed. Odio ad esse hic nobis minima.','reiciendis','857459',NULL,'2005-09-19 16:38:30','2004-03-02 17:05:33'),
('60','60','60','Illum aut odit qui est unde unde magni. Vitae excepturi ut distinctio perspiciatis voluptatem et aut. Vel omnis omnis quam facere et maiores dolores et. Velit animi minima impedit autem sunt nihil in ut.','delectus','89380123',NULL,'1988-05-17 18:14:03','2000-03-26 04:41:11'),
('61','61','61','Illo blanditiis et tenetur. Et recusandae sed mollitia laudantium ea. Delectus voluptate aut rem dolores tempore quia.','eius','54',NULL,'2014-10-30 18:10:02','2015-08-18 04:14:45'),
('62','62','62','Harum ab totam fugit eum rem omnis voluptas. Laboriosam quisquam voluptas vel est. Sit quia quo at qui dolorem. Et nemo rerum odio rem ut labore quisquam.','eaque','205287899',NULL,'1990-10-26 07:49:19','1984-02-01 01:01:07'),
('63','63','63','Aut numquam ipsum quae voluptatem. Assumenda quia minima voluptatem illum omnis quae neque. Blanditiis et fugiat quasi sequi enim. Quam aperiam quasi eveniet aut blanditiis.','aperiam','38855',NULL,'1984-08-19 11:46:37','1975-01-16 06:31:39'),
('64','64','64','Dolore corporis iure ipsum adipisci at nemo. Voluptatibus temporibus cupiditate et et eveniet deserunt. Architecto et et mollitia pariatur illum. Qui dolorem at id numquam omnis a.','quia','0',NULL,'2010-05-26 16:39:21','1981-03-13 20:46:26'),
('65','65','65','Consequatur ea omnis nulla. Voluptatem perferendis iusto quas beatae ad placeat sed. Laborum repellendus omnis voluptas pariatur.','maxime','1442',NULL,'1983-06-10 05:37:18','2019-05-09 21:46:52'),
('66','66','66','Illo quo sit magnam quibusdam omnis dignissimos. Reprehenderit nobis aliquid exercitationem. Quas consequuntur voluptatibus earum alias suscipit voluptatem aut.','maiores','6',NULL,'2007-09-29 17:27:29','2011-07-11 15:32:49'),
('67','67','67','Reiciendis a totam fugiat sed. Qui distinctio ea nisi facilis. Fugiat tenetur et in atque deserunt dolores.','consequatur','8870241',NULL,'1992-09-20 06:05:30','2013-07-27 20:30:34'),
('68','68','68','Atque aut modi autem quam accusamus provident libero. Et et error perspiciatis consequatur et et ad.','qui','94',NULL,'1973-08-10 08:28:15','1980-08-03 02:48:33'),
('69','69','69','Et error rerum ipsum quidem exercitationem nisi. Quasi ut dolor vero commodi quasi recusandae aliquid. Rerum temporibus praesentium dolores hic qui suscipit voluptatem. Odit non voluptas et rerum error quia non.','voluptatibus','9217',NULL,'2003-01-06 08:37:22','2001-11-08 20:16:42'),
('70','70','70','Magni temporibus corporis sed atque quis et facere. Laudantium ex eos sit cum nobis. Fuga ut dicta sed fugit. Est et laudantium sed sed in perspiciatis. Culpa nulla corrupti quam nam laborum quaerat vitae.','tempore','91983096',NULL,'1986-08-03 05:00:46','2007-09-14 03:02:07'),
('71','71','71','Incidunt voluptatem architecto sed. Itaque voluptatem quia quisquam aut. Dolorem et unde facilis laudantium porro consequuntur voluptate. Iure maxime qui placeat saepe quasi aliquid libero.','accusantium','41',NULL,'2014-05-04 07:54:27','1977-08-11 09:00:34'),
('72','72','72','Quidem explicabo nulla autem saepe dolore vero. Voluptates maiores omnis soluta nesciunt odit ea.','consequatur','965',NULL,'1979-01-11 23:15:21','1988-10-04 03:53:35'),
('73','73','73','Consequuntur eaque corporis nam tenetur aliquam. Cupiditate enim nihil hic sit harum et nobis ipsum. Ut consequatur alias provident sint.','dolorum','0',NULL,'2016-12-16 17:32:50','2010-11-17 01:19:55'),
('74','74','74','Labore ipsa cum cum. Repudiandae excepturi et provident velit. Quis modi et est magni.','explicabo','30226',NULL,'2014-05-23 19:26:59','1985-11-04 19:58:14'),
('75','75','75','Cupiditate velit dolores rerum voluptatum. Ratione ex facilis aut nihil dolores fugit quam provident. Ut et neque recusandae explicabo qui sed ut.','consectetur','1501',NULL,'2004-12-25 22:24:52','1983-07-25 13:12:52'),
('76','76','76','Aut voluptatem aspernatur molestias corporis et ab aut. Quia et necessitatibus et sunt debitis quas explicabo. Qui omnis consectetur vitae sit ipsum veritatis. Sit qui architecto consequatur vel est et necessitatibus soluta.','quas','982',NULL,'1994-07-18 03:04:17','2000-08-31 10:07:44'),
('77','77','77','Neque deserunt eaque non eum laboriosam eius. Officiis exercitationem non qui expedita in.','officiis','914349',NULL,'1972-12-12 00:22:08','2005-05-11 21:14:10'),
('78','78','78','Nostrum dolorem quo soluta aut veritatis deleniti velit enim. Et eum quo labore sint numquam commodi. Animi quaerat ipsa aut aperiam perspiciatis sunt. Et et non qui nesciunt.','sunt','669036',NULL,'1977-01-09 01:52:11','1987-03-22 05:50:09'),
('79','79','79','Voluptatem nihil consequatur itaque consequatur. Perferendis officia repellat blanditiis enim enim officia optio deserunt. Enim tenetur expedita et reiciendis adipisci ipsam et. Quam et rem quis qui et.','molestias','3',NULL,'2017-06-27 07:52:38','1982-07-07 03:51:31'),
('80','80','80','Laudantium qui voluptatem est. Optio accusamus eaque non quisquam reiciendis molestias. Dolor possimus ducimus occaecati velit vero nihil enim. Molestias fuga quidem sint ullam qui inventore eos ut.','eius','561',NULL,'2017-05-11 01:40:23','2006-06-22 07:13:49'),
('81','81','81','Nihil sunt quidem placeat officiis et qui. Quos corporis dolorem fugit magni ab sint ratione. Sapiente natus et aspernatur quasi.','distinctio','988094200',NULL,'1970-01-09 16:11:45','2016-03-08 04:13:03'),
('82','82','82','Consequatur et eius architecto sed rerum suscipit velit. Qui molestias sit sit sunt dolores nobis. Quod quidem enim aut iure ipsam et. Ut enim cupiditate eaque a iure et.','quia','27',NULL,'1997-04-17 00:39:19','1992-09-22 01:44:24'),
('83','83','83','Voluptatem quod ut ea qui. Sed eos sunt natus et ad et cumque. Beatae id culpa ut tenetur praesentium eum nobis laboriosam.','suscipit','0',NULL,'2011-04-12 18:28:08','2005-03-22 03:40:34'),
('84','84','84','Numquam accusamus enim dolorem consequatur a consequuntur porro. Et in eius et ea dolor enim. Alias dolor et id.','architecto','23814447',NULL,'1988-01-13 09:25:16','1970-04-02 12:38:45'),
('85','85','85','Qui ipsam illo consequuntur et quaerat qui et omnis. Explicabo quia officiis et omnis nostrum. Officia sapiente debitis accusantium saepe ut ut. Saepe aliquam repellendus veritatis nemo qui minus.','dolorem','73598303',NULL,'1995-03-11 07:20:05','1995-10-13 13:52:40'),
('86','86','86','Illo magnam fuga atque sit. Error est fugiat quam reprehenderit. Accusamus autem nam et sed aut quis magni.','et','202286',NULL,'1981-09-23 08:18:14','1997-11-12 06:21:52'),
('87','87','87','Blanditiis est et ab ea nihil tempora. Quaerat quibusdam sunt magni sunt reprehenderit facere sint hic.','dolorem','997429510',NULL,'1972-12-02 15:58:57','2008-06-30 11:21:05'),
('88','88','88','Minus commodi corporis eum aut. Laborum enim sit assumenda voluptatem. Quae dolor temporibus doloremque qui vel aliquid sequi et.','dolorem','370',NULL,'2010-07-07 16:11:35','1976-07-27 12:37:05'),
('89','89','89','Et in dolores quia consequuntur in. Inventore praesentium optio voluptatum dolore nemo ea. Nisi eos laudantium dicta autem rerum neque assumenda.','ut','740294503',NULL,'2006-07-04 12:05:35','2007-04-28 03:53:58'),
('90','90','90','Tenetur repudiandae velit consectetur modi et distinctio. Velit molestias est voluptate delectus dicta aut. Ratione fugit sed quia.','sit','6795321',NULL,'1996-12-10 17:54:30','2009-11-20 09:51:45'),
('91','91','91','Unde recusandae ad delectus deleniti consequatur. Maiores aut nobis magni dolorem suscipit asperiores velit ullam. In iure maiores ut beatae praesentium.','quia','6647',NULL,'2015-10-21 14:39:23','1993-03-02 04:13:44'),
('92','92','92','Occaecati corporis quia voluptatem repellendus necessitatibus. Dolor doloribus ipsam quae maxime. Voluptatem possimus molestiae dolore magni alias sunt quisquam autem. Rerum iusto consectetur exercitationem perferendis tenetur assumenda et soluta.','expedita','765',NULL,'1988-01-24 07:37:52','1987-05-11 03:32:28'),
('93','93','93','Et odit assumenda sit consequatur sed ad. Ad totam laudantium odio. Et aspernatur eos consequuntur sit et.','enim','264506',NULL,'1996-01-10 21:14:27','1994-08-18 15:35:33'),
('94','94','94','Non neque molestiae dolores eum. Dicta adipisci explicabo aut ab et. Ut praesentium quidem nihil ad omnis.','tempora','38793',NULL,'1986-02-07 10:05:40','1976-05-17 05:10:24'),
('95','95','95','Autem nulla error quae accusamus non soluta. Minus est quisquam ducimus qui voluptatem odio molestiae aut. Repellendus modi non nostrum. Ut doloremque placeat dicta.','ipsa','5',NULL,'1975-09-25 11:23:45','1992-12-11 10:01:13'),
('96','96','96','Totam et architecto dolor aliquam. Nihil vitae pariatur tempora odit laudantium. Quisquam accusantium et nihil nulla non culpa. Dolores vel praesentium ut architecto natus ad.','similique','0',NULL,'1988-07-02 09:24:43','1986-05-27 00:18:29'),
('97','97','97','Sit occaecati et id et provident. Itaque quia qui est fugit dicta et culpa. Est nostrum quae itaque quae adipisci similique magni.','magnam','6589',NULL,'2018-09-06 11:33:00','1980-06-10 12:47:50'),
('98','98','98','Qui similique placeat dolor debitis modi odio. Minima tempore temporibus a. Ut et aut saepe cumque ut aliquid ut.','sit','58316',NULL,'1981-10-30 15:25:16','1971-08-25 05:06:41'),
('99','99','99','Fugiat quam ipsa excepturi possimus rem. Et rerum totam libero enim eos. Consectetur voluptatem molestias repudiandae cumque totam sed ipsa ipsam. Rerum neque accusantium a eius dolorum iusto culpa.','maiores','6',NULL,'2001-04-02 21:27:32','1976-08-19 13:54:29'),
('100','100','100','Dolor saepe et corrupti nobis saepe voluptatibus molestiae. Quas possimus qui aperiam magnam omnis nulla natus. Maxime culpa repellat ipsa ipsa.','maiores','3540',NULL,'1996-03-30 16:12:24','1987-08-27 21:37:19'); 


DROP TABLE IF EXISTS `media_types`;
CREATE TABLE `media_types` (
  `id` bigint(20) unsigned NOT NULL AUTO_INCREMENT,
  `name` varchar(255) COLLATE utf8_unicode_ci DEFAULT NULL,
  `created_at` datetime DEFAULT current_timestamp(),
  `updated_at` datetime DEFAULT current_timestamp() ON UPDATE current_timestamp(),
  PRIMARY KEY (`id`)
) ENGINE=InnoDB AUTO_INCREMENT=101 DEFAULT CHARSET=utf8 COLLATE=utf8_unicode_ci;

INSERT INTO `media_types` VALUES ('1','officia','1973-11-15 09:47:44','1990-02-14 13:14:56'),
('2','sint','1983-06-25 22:09:38','2003-06-02 10:02:02'),
('3','cupiditate','1976-07-23 00:35:38','2008-11-02 04:51:20'),
('4','ad','1976-07-23 17:26:31','1981-12-11 00:20:37'),
('5','nobis','1970-07-07 11:31:50','2013-12-07 15:51:03'),
('6','sed','1984-01-13 15:34:01','1988-02-23 11:58:18'),
('7','quisquam','1985-09-27 17:44:08','1990-05-16 04:21:18'),
('8','recusandae','2014-08-26 04:48:24','1972-03-05 14:35:46'),
('9','explicabo','1993-08-02 08:21:49','1971-09-06 13:37:45'),
('10','sed','1986-12-04 01:39:19','2008-10-05 07:37:49'),
('11','tenetur','1984-04-29 22:01:51','1970-12-10 11:28:01'),
('12','aperiam','1989-03-16 06:36:42','1984-08-08 06:05:02'),
('13','aliquid','2019-09-29 13:29:52','1976-03-07 02:12:32'),
('14','explicabo','2017-07-09 05:16:11','1995-10-21 20:12:26'),
('15','rem','1986-05-05 11:03:58','1973-12-04 20:08:00'),
('16','animi','2002-01-19 09:56:26','2004-11-06 05:01:48'),
('17','commodi','2013-02-10 01:39:46','2009-04-07 10:46:34'),
('18','neque','2017-04-20 09:43:37','2013-06-11 22:00:44'),
('19','dignissimos','2002-10-31 03:48:11','2001-08-09 02:05:39'),
('20','commodi','1980-06-10 14:37:11','1979-11-12 00:30:19'),
('21','veritatis','1994-10-28 18:02:51','1982-10-13 22:10:14'),
('22','recusandae','1989-07-10 09:08:59','1975-09-12 12:08:28'),
('23','vel','1993-12-28 12:29:22','1982-03-29 06:01:33'),
('24','fugit','1996-07-23 00:39:31','1978-11-10 05:17:07'),
('25','explicabo','2018-12-01 15:56:25','2005-01-09 08:28:35'),
('26','aut','1971-03-12 03:59:57','2006-11-29 11:07:46'),
('27','maiores','1970-09-20 02:22:09','2007-07-29 22:16:44'),
('28','mollitia','1971-09-26 03:43:26','2015-05-01 06:54:44'),
('29','sunt','1997-12-26 03:01:03','1981-07-15 08:36:28'),
('30','sunt','2015-03-25 09:10:26','2011-08-02 06:31:24'),
('31','voluptatem','2019-03-23 03:02:31','1978-04-16 02:59:10'),
('32','doloremque','2003-05-22 07:27:56','1990-01-28 17:41:36'),
('33','aut','1974-12-05 19:04:45','2015-10-11 17:23:58'),
('34','in','2012-07-29 10:17:16','1970-02-10 01:13:25'),
('35','in','1970-02-28 15:25:17','2007-04-25 13:13:39'),
('36','dolores','1995-01-04 23:33:29','1985-02-22 16:42:43'),
('37','officia','2006-09-23 20:34:01','1991-07-29 04:34:53'),
('38','veritatis','2013-04-27 04:06:46','1989-01-26 13:34:14'),
('39','aliquid','1995-09-12 03:03:05','1989-02-03 09:25:09'),
('40','voluptas','1996-09-23 05:55:09','1981-08-12 23:10:25'),
('41','consequatur','1992-11-02 08:58:31','1997-10-29 21:18:14'),
('42','vitae','2019-02-12 23:11:36','1970-12-20 06:41:20'),
('43','est','1980-02-28 17:37:30','1978-07-26 19:27:11'),
('44','expedita','2006-08-14 22:21:50','2017-12-13 12:50:27'),
('45','est','2016-05-07 01:15:57','2015-07-31 08:31:57'),
('46','quis','1978-10-03 01:55:52','1970-11-30 19:14:40'),
('47','saepe','1989-09-03 06:31:06','1990-04-21 13:03:59'),
('48','blanditiis','1970-09-02 02:20:07','1977-10-13 00:31:39'),
('49','sunt','1997-08-08 19:32:05','1976-07-24 22:45:34'),
('50','necessitatibus','2013-02-07 22:49:16','2016-08-10 18:44:42'),
('51','sunt','1977-07-05 13:04:36','1988-05-07 11:10:00'),
('52','dolores','2008-02-07 20:10:56','1981-07-18 03:45:38'),
('53','exercitationem','2017-09-06 15:53:48','1976-06-24 10:45:17'),
('54','dolorum','2009-03-24 05:12:16','2017-12-04 22:47:04'),
('55','numquam','1977-08-07 07:50:04','2010-02-16 20:31:46'),
('56','illum','2000-08-12 07:01:23','1985-10-26 21:49:11'),
('57','est','1995-12-24 14:41:05','2003-09-13 08:27:55'),
('58','deleniti','2004-05-18 05:16:07','1989-08-30 00:03:50'),
('59','architecto','1973-08-07 09:56:28','1991-12-09 01:53:18'),
('60','voluptas','1980-10-24 03:16:23','2011-08-28 08:58:20'),
('61','commodi','1983-12-10 15:47:04','2013-01-20 14:23:22'),
('62','sit','2000-01-18 00:59:39','1990-06-16 04:39:40'),
('63','quas','1990-09-11 20:58:51','2016-03-11 00:32:33'),
('64','aut','2007-02-01 23:20:43','2004-06-21 18:29:59'),
('65','minus','2002-07-23 06:37:24','2016-08-31 21:52:21'),
('66','consequatur','1985-01-21 09:07:46','1998-03-18 12:47:28'),
('67','facere','1984-04-06 13:11:07','2011-08-19 14:41:58'),
('68','omnis','1970-12-09 20:55:41','2011-03-01 02:09:12'),
('69','omnis','1980-10-13 06:48:02','1989-07-04 17:58:52'),
('70','dolor','1996-04-27 22:15:57','1993-02-06 08:25:10'),
('71','nulla','2013-12-31 03:48:04','2008-09-04 17:40:44'),
('72','et','1995-03-09 18:01:55','1981-03-10 01:34:37'),
('73','nemo','1985-01-08 16:06:34','1992-08-16 22:59:10'),
('74','facere','1973-10-25 11:36:38','2006-05-23 09:54:03'),
('75','repellat','1982-05-11 19:49:04','1977-11-19 16:13:04'),
('76','et','1999-08-02 06:57:35','2010-09-13 17:36:34'),
('77','minima','1970-04-09 09:57:03','1990-01-19 09:11:05'),
('78','ad','2004-08-08 06:39:17','1995-11-08 19:15:51'),
('79','magnam','2002-10-15 02:58:06','1996-07-13 21:18:21'),
('80','ipsa','2016-05-31 20:47:06','1982-08-13 19:33:53'),
('81','impedit','2014-08-13 17:50:44','2005-09-13 11:27:06'),
('82','dolore','1996-04-12 03:04:46','1995-04-18 15:18:55'),
('83','quasi','2000-12-29 20:53:53','2010-03-09 22:57:19'),
('84','laboriosam','2020-01-11 03:34:04','2004-02-05 01:06:56'),
('85','excepturi','2017-11-17 03:53:23','1982-11-01 09:06:13'),
('86','non','1994-12-06 09:20:45','2019-11-08 18:28:05'),
('87','quo','2019-08-02 15:54:36','1986-08-23 21:26:31'),
('88','occaecati','2018-02-14 01:51:30','2000-06-05 04:05:37'),
('89','iure','1970-10-30 08:51:16','1994-03-29 20:34:32'),
('90','quos','1972-03-29 18:04:19','2017-09-07 09:57:46'),
('91','a','2013-08-22 10:13:28','2012-01-16 13:19:48'),
('92','expedita','2006-12-08 03:33:31','1983-05-03 17:25:35'),
('93','sit','1999-10-17 08:55:50','2002-12-01 21:37:26'),
('94','minima','2010-09-17 03:09:24','2000-01-12 07:06:49'),
('95','voluptates','2000-02-06 11:33:41','1991-11-01 00:45:36'),
('96','rem','2014-10-15 09:28:04','2003-06-26 02:45:13'),
('97','et','2002-03-20 10:24:48','1999-05-17 11:27:36'),
('98','eum','1981-02-25 19:04:58','2019-01-11 14:11:42'),
('99','fugiat','1993-06-08 10:23:21','2015-07-19 08:58:56'),
('100','eveniet','1974-01-04 19:06:57','2006-05-27 16:33:11'); 


DROP TABLE IF EXISTS `messages`;
CREATE TABLE `messages` (
  `id` bigint(20) unsigned NOT NULL AUTO_INCREMENT,
  `from_user_id` bigint(20) unsigned NOT NULL,
  `to_user_id` bigint(20) unsigned NOT NULL,
  `body` text COLLATE utf8_unicode_ci DEFAULT NULL,
  `created_at` datetime DEFAULT current_timestamp(),
  PRIMARY KEY (`id`),
  KEY `messages_from_user_id` (`from_user_id`),
  KEY `messages_to_user_id` (`to_user_id`),
  CONSTRAINT `messages_ibfk_1` FOREIGN KEY (`from_user_id`) REFERENCES `users` (`id`),
  CONSTRAINT `messages_ibfk_2` FOREIGN KEY (`to_user_id`) REFERENCES `users` (`id`)
) ENGINE=InnoDB AUTO_INCREMENT=101 DEFAULT CHARSET=utf8 COLLATE=utf8_unicode_ci;

INSERT INTO `messages` VALUES ('1','1','1','Aut voluptatem necessitatibus consequatur tenetur. Ut recusandae similique dolorem alias illo et. Pariatur illo est esse blanditiis. Qui qui eos beatae reprehenderit officia. Ex voluptatem aut atque perferendis animi non delectus.','1999-08-24 10:20:44'),
('2','2','2','Aut possimus aut sint consequatur ut aliquid. Sed omnis iste et et beatae architecto distinctio. Aspernatur quam neque quo vero ratione sint qui. Est exercitationem cum accusantium distinctio quia totam voluptatem autem.','1994-10-28 07:05:34'),
('3','3','3','Et expedita illum magnam id sed qui. Quaerat veniam cupiditate sit non. Est voluptatem laboriosam dolore cupiditate rerum. Culpa adipisci dolorem laboriosam voluptatem et. Enim doloremque nam illum nesciunt rerum.','2016-03-27 02:22:04'),
('4','4','4','Voluptas inventore et voluptatibus repellat soluta enim. Aut sed aut vero eos itaque non inventore. Enim et molestiae et eos quaerat. Facere provident laboriosam quidem commodi.','2018-05-02 07:48:27'),
('5','5','5','Cum deserunt quis fugit velit qui atque aspernatur iste. Iure consectetur porro non. Omnis ipsam sit dolores temporibus tempora nesciunt hic.','1986-08-26 20:38:21'),
('6','6','6','Non ex consequatur tenetur ratione ad error voluptatem consequatur. Eaque illum et rem assumenda. Quia enim quaerat illum facere. Et eum id doloremque quibusdam sequi.','2000-03-05 09:40:25'),
('7','7','7','Quidem voluptatem error repudiandae qui. Officiis ea ut amet est repudiandae alias. Provident voluptates excepturi iure occaecati. Quia vel corporis quia quia quidem aut.','1986-07-28 06:13:19'),
('8','8','8','Dolor et laudantium doloremque cum. Rem aut aliquid perspiciatis officia cum harum. Animi facere non nulla deserunt voluptatem totam sapiente temporibus.','1980-11-05 23:14:00'),
('9','9','9','Fugit rerum assumenda quis. Tenetur rem ut ut consequatur ut nam. Doloribus modi autem corrupti. Ut quae aperiam sed.','1970-02-21 00:09:32'),
('10','10','10','Adipisci quia ratione ducimus reiciendis et commodi rerum. Tenetur sequi unde qui autem pariatur sint officia ut. Delectus natus ipsam veritatis.','1989-02-09 07:03:15'),
('11','11','11','Tempore rem est autem quidem voluptas eveniet. Numquam ratione corrupti vel hic.','1989-02-07 02:21:22'),
('12','12','12','Aliquam non ipsam aut. Tempora omnis est nulla enim ea. Ut labore quis sunt in eveniet quis numquam veniam. Provident sed dolorem reiciendis molestiae maxime autem.','1984-03-13 15:13:22'),
('13','13','13','Excepturi quae suscipit ut magni exercitationem error. Perspiciatis enim aspernatur libero et. Qui id magnam commodi dolor ducimus quo enim hic.','1987-05-24 08:53:23'),
('14','14','14','Fugit quis esse earum eum consequatur placeat. Laborum et et maxime cupiditate modi. Qui non quae odio consequuntur rerum suscipit. Magni autem rerum voluptatem fuga nostrum nemo quis.','1988-02-06 13:32:39'),
('15','15','15','Iure et error beatae aut. Enim odio quidem dolorem adipisci praesentium in voluptas. Esse ad autem optio dolorem voluptates exercitationem laborum ex.','2009-11-06 03:11:07'),
('16','16','16','Quo consequatur iste consequatur voluptatum. Est non error et repellat. Iure voluptate officiis sed molestias dolorem. Pariatur aspernatur id maxime ea cupiditate.','1980-06-16 18:27:28'),
('17','17','17','Et harum ut qui. Non reprehenderit voluptatem mollitia quas maxime ipsam. Quidem iste perferendis ad odio. Aut enim dolor delectus eius soluta adipisci.','2001-01-05 22:08:11'),
('18','18','18','Et vel minus et est dolorum officiis incidunt. Omnis reiciendis aut laborum ex. Suscipit quos aspernatur ullam fuga. Possimus veritatis autem debitis quam voluptatem.','2006-07-21 12:11:23'),
('19','19','19','Tenetur rerum velit quae distinctio enim explicabo et. Quasi sunt dolores cumque sit id. Qui qui beatae culpa ea. Sed tempora repellat laudantium omnis sequi cupiditate.','1973-03-21 04:39:03'),
('20','20','20','Officiis qui et facere corporis error doloremque. Eligendi voluptas quas quis repudiandae. Dolores maiores odio illo accusantium qui saepe cumque.','1970-05-28 21:07:20'),
('21','21','21','Nihil dicta ipsum molestias praesentium. Autem ex eligendi praesentium sed non aut corrupti. Fugit eaque velit voluptatem ut qui laboriosam. Quidem tenetur tenetur ipsam aut perferendis.','1991-10-26 12:48:21'),
('22','22','22','Quas ut aspernatur ipsam tenetur. Eaque numquam veritatis a ut reprehenderit velit ratione. Minima veritatis ea adipisci qui qui. Sint quia ipsa mollitia quia.','2017-03-21 19:51:59'),
('23','23','23','Dignissimos autem a velit corporis repellat quia quidem ut. Vel explicabo ut ipsum. Ratione amet dolor suscipit voluptas.','1995-05-01 20:09:47'),
('24','24','24','Distinctio id atque consequatur ducimus. Sed perspiciatis quia inventore. Molestias non ea perspiciatis et ipsam aut. Inventore voluptatibus magni eum placeat est itaque vel.','1982-06-11 08:49:58'),
('25','25','25','Nam quia quia voluptate ea dicta sunt est. Aut est dolor cupiditate id sed earum amet. Autem provident itaque animi.','2011-05-05 19:55:53'),
('26','26','26','Fugit cumque porro amet. Provident omnis dolor voluptatem animi porro. Perferendis reiciendis possimus saepe numquam aliquid dolorem voluptas.','2018-02-22 03:02:04'),
('27','27','27','Labore ratione qui at officia. Nostrum enim enim adipisci.','2010-12-09 13:36:22'),
('28','28','28','Corporis vel aut saepe doloribus est. Nulla quod velit odit voluptatem. Consectetur ea sit veniam iure consequatur omnis. Qui quis sit dolorem iusto id id.','1999-01-14 16:08:53'),
('29','29','29','Enim sit deleniti ut ipsam magni quisquam. Eligendi ipsum reprehenderit maiores quam velit tempore voluptatibus. Aperiam quis possimus saepe expedita est iure facere fugiat.','2008-06-09 08:26:33'),
('30','30','30','Nostrum provident maiores exercitationem exercitationem veritatis voluptatem. Optio assumenda veritatis eaque consequuntur enim debitis tempora et. Facilis cumque in maxime sequi. Et ratione accusantium perspiciatis beatae amet debitis placeat.','1994-02-02 08:58:26'),
('31','31','31','Et amet totam et libero quibusdam beatae et ullam. Voluptates blanditiis dicta quia a fugit iure quibusdam. Voluptate rerum et odio ut quod aliquid placeat. Maiores voluptatem est quidem eligendi non impedit debitis.','1997-01-26 16:34:38'),
('32','32','32','Atque laudantium omnis reprehenderit ipsam dicta. Officia perferendis quisquam voluptatum eius. Aspernatur accusantium expedita libero accusantium quae quo accusamus vero.','1973-05-04 11:42:32'),
('33','33','33','Est quia molestiae corrupti doloremque animi. Voluptatem excepturi voluptas minus reprehenderit ullam architecto non voluptatem. Voluptas cumque laudantium impedit facere tempora totam. Illum est commodi placeat libero.','1999-07-30 18:24:36'),
('34','34','34','Rerum quo molestiae atque recusandae. Eius et sed accusantium provident accusantium ea incidunt. Nostrum pariatur sit vitae impedit.','1975-12-07 18:25:17'),
('35','35','35','Qui doloribus odio harum saepe consequatur. Quis quidem omnis facilis eum alias ratione voluptates.','2019-03-11 03:29:40'),
('36','36','36','Aliquam nihil quam quia id maiores. Id libero cupiditate dicta consectetur. Iste id amet et et in ut adipisci. Libero asperiores corporis sit provident nesciunt corporis. Enim blanditiis temporibus dolores optio consequatur.','2011-07-26 08:16:45'),
('37','37','37','Incidunt beatae et est dolor. Voluptate omnis rerum fugit non accusamus ut delectus. Fugiat asperiores similique sed alias animi illo. Occaecati dolorem et neque ut aut.','1992-07-16 05:47:31'),
('38','38','38','Sunt nam repellat incidunt est et qui qui voluptas. Sapiente illum alias nostrum quidem autem nemo. Sed tempora similique ea ut nesciunt at.','2008-11-24 14:53:08'),
('39','39','39','Modi cum tenetur sit voluptatum ea sed amet hic. Consequuntur voluptatibus consequatur magni ut ut. Voluptatum qui a et voluptatibus ad neque sit.','2018-04-01 18:53:59'),
('40','40','40','Aut occaecati culpa laudantium cum quaerat cumque quis. Incidunt saepe dolores voluptatem praesentium aut adipisci perferendis. Dolorum voluptas ratione sit quis. Minima repudiandae ratione enim.','2005-08-06 05:27:37'),
('41','41','41','A eveniet libero maxime quia qui facilis corrupti. Rerum quam dolor sed totam dolorum sit. Et qui qui autem numquam corporis.','2000-12-16 01:17:43'),
('42','42','42','Magnam sed tempora et. Ut ut molestiae qui quam eum labore fugiat recusandae. Placeat id doloribus nulla ut laboriosam qui qui dolor. Quod et rerum error hic et temporibus.','2006-06-19 11:10:23'),
('43','43','43','Iste ipsum aperiam unde ullam. Repudiandae odio ipsa quasi illum pariatur et. Tempora aliquam ipsam doloribus eius et tempore. Dolores praesentium facilis doloribus et.','2017-02-07 04:26:02'),
('44','44','44','Blanditiis ut quidem et laborum aut. Voluptate mollitia et impedit sunt necessitatibus. Adipisci nihil iusto tempore nam iste.','2018-11-08 17:58:01'),
('45','45','45','Aut non et omnis doloribus voluptatem. Est recusandae beatae sed distinctio aut sit quaerat. Consequatur doloribus et et aperiam. Quod excepturi aut autem qui culpa.','1995-06-17 11:51:05'),
('46','46','46','Ut aspernatur sunt quo dolores. Qui quia ipsum ducimus et accusantium. Sed eos quia voluptatem qui aut veritatis a tenetur.','2012-08-04 14:54:31'),
('47','47','47','Placeat sed modi a ex eos dolor aut. Facilis perferendis eveniet quis numquam esse laborum vero. Accusamus necessitatibus est consectetur saepe unde maxime a ut. Quia soluta pariatur molestiae. Magni non aut cumque sequi incidunt et.','2018-02-13 09:31:48'),
('48','48','48','Laborum voluptatum occaecati provident magnam. Eos voluptas commodi id omnis mollitia dolores. Et deleniti molestias ut in quasi autem.','1992-04-28 03:03:45'),
('49','49','49','Neque exercitationem totam eum. Placeat repellat maxime quod omnis ut facilis voluptas ut. Rerum magnam maxime harum sint.','1994-07-16 08:13:07'),
('50','50','50','Quam maxime sit ipsam esse earum. Omnis delectus qui officia placeat et aut. Vel distinctio harum consequuntur maxime inventore. Aut cupiditate similique ea eaque quod ipsa rerum.','1999-02-12 00:48:50'),
('51','51','51','Tenetur sint voluptas autem vel iusto. Eius adipisci deleniti quis esse et.','2000-01-11 03:15:53'),
('52','52','52','Fuga est itaque possimus quia occaecati doloribus a. Autem nostrum est animi commodi.','2012-08-03 16:13:22'),
('53','53','53','Et laudantium numquam et quasi hic. Provident ratione sed et et voluptatem debitis ea. Corporis qui ut error et pariatur in sit velit. Eaque earum est similique rerum placeat aut saepe.','2012-07-04 00:21:40'),
('54','54','54','A quaerat sed eius et vitae dicta porro. Quod facilis ut doloribus recusandae. Possimus consequatur quo odit assumenda qui. Voluptas molestiae quo fugit veritatis quia aut.','2009-08-14 12:39:17'),
('55','55','55','Eveniet ea error minus expedita aut numquam qui. Repellendus ut illum molestias earum et facere. Vero consequatur et ut.','2006-01-13 05:54:43'),
('56','56','56','Aliquid omnis quia quae adipisci. Asperiores ad sed accusamus. Quo dolorum vero soluta omnis quia. Eos sit reiciendis maiores alias aut. Laborum quibusdam laboriosam culpa ut.','1977-10-06 04:24:34'),
('57','57','57','Inventore fugiat dolorum nulla aut. Asperiores blanditiis totam distinctio dolor aut non. Beatae adipisci adipisci pariatur. Aspernatur ducimus molestias beatae incidunt et quasi modi.','1973-05-18 10:54:41'),
('58','58','58','Non quo rem ut sit molestias. Modi vel labore iure laudantium. Officiis molestiae sed fugiat deserunt beatae sit. Quam aut aut alias debitis a magni qui.','1970-12-21 02:06:50'),
('59','59','59','Quasi quibusdam porro est vero commodi magnam nihil. Sit libero ad deleniti quis.','2019-12-01 08:22:29'),
('60','60','60','Incidunt aut nihil est quisquam beatae aliquam. Sed vel eligendi voluptas dignissimos ex. Illum voluptas quod corporis. Quis aut voluptatem excepturi consequatur eum excepturi. Perspiciatis quae a eos vitae ex quo.','1997-09-19 15:54:01'),
('61','61','61','Consequatur quas quis sed itaque rem. Et et sit voluptatibus. Culpa beatae minus officiis voluptas. Consectetur et et quae sit.','1982-07-30 09:15:21'),
('62','62','62','Modi enim soluta expedita totam. Velit praesentium delectus sed velit ex dolorem et. Aut aliquid debitis aut deserunt et quia molestiae. Illum incidunt repudiandae ea qui sequi sunt rerum.','1977-05-23 07:59:05'),
('63','63','63','Reprehenderit rem officiis saepe possimus animi necessitatibus soluta. Rerum ut et nulla voluptas. Ratione aliquam in praesentium sunt.','2013-09-02 10:43:33'),
('64','64','64','Eos nostrum reiciendis totam ducimus quod. Aut similique quis nobis et vitae. Autem cum iste debitis amet nihil. Provident autem ipsam tempore asperiores similique.','2006-07-06 12:10:03'),
('65','65','65','Corporis eligendi illo aut corrupti quia harum veniam consequuntur. Qui dolorum temporibus non.','1986-03-12 18:11:34'),
('66','66','66','Est non nemo ab fugiat culpa debitis. Commodi sit aut provident eos sint. Culpa veritatis aut placeat. Eos possimus quam in sed voluptatibus necessitatibus repellendus illo.','1986-03-13 04:44:25'),
('67','67','67','Dolorem adipisci iste qui ut id quam perspiciatis et. Illo iure veniam iste vel consequatur voluptatem.','2010-10-08 14:44:10'),
('68','68','68','Enim consectetur ducimus eum rerum officia dolorem. Aliquam accusamus velit similique dolore ipsum tempora temporibus incidunt. Officiis similique natus illum.','2015-02-24 10:08:29'),
('69','69','69','Dolorem ut quis qui recusandae assumenda autem. Error mollitia vel asperiores dolores nisi vitae. Nobis exercitationem quia et quae.','2008-03-19 14:50:01'),
('70','70','70','Aut placeat sunt sequi nemo unde vel. Repellendus unde expedita quidem esse a alias. Velit cumque quasi explicabo aut fugit voluptas placeat et. Quasi qui numquam quasi magnam praesentium.','1985-03-26 09:17:37'),
('71','71','71','Autem sint facilis earum ducimus consequuntur. Error dolorem nesciunt eligendi qui unde et. Id ut harum enim corporis.','2000-11-25 00:32:47'),
('72','72','72','Illo sequi eligendi labore voluptate corrupti omnis nostrum. Distinctio natus iusto minus ut. Eos qui minus provident accusamus voluptates vel illum.','1999-01-18 19:40:18'),
('73','73','73','Laboriosam ut repellendus pariatur pariatur officiis commodi. Odio et in non assumenda ea aliquam fugit vitae. Architecto minus molestiae facilis ad quas. Voluptas ut ratione ut rem eaque.','2009-02-26 14:23:35'),
('74','74','74','Possimus possimus alias sint consectetur. Quisquam aut et aperiam deleniti et praesentium. Ut ut sit distinctio aut distinctio non.','2005-06-12 06:49:09'),
('75','75','75','Quis iure id molestiae aut itaque molestias voluptates. Laboriosam ea aspernatur et autem asperiores fuga. Repudiandae accusamus voluptatibus alias et sapiente consequatur at. Ut dignissimos quibusdam quia iusto ipsam rem laborum.','1972-07-23 01:28:54'),
('76','76','76','In eum quis eligendi rerum cumque consequuntur quia. Velit ipsum molestiae rem est vero sit. Mollitia quia consequatur neque qui deserunt. Atque laudantium officia quis rem.','1994-06-26 15:35:20'),
('77','77','77','Nam omnis rerum et sequi qui cum perferendis. Nobis consectetur voluptas quia nisi consequatur. Non et amet et quod dolorum dolores quidem ut.','1989-12-10 21:44:04'),
('78','78','78','Suscipit qui quia consequatur eos quaerat cupiditate et aut. Est deleniti blanditiis ab corrupti. Quia nisi eligendi dolores aliquid et officiis architecto autem. Atque dignissimos sequi ab omnis nemo tempora.','2003-10-23 17:07:20'),
('79','79','79','Qui temporibus aut minima vel facere beatae. Dolor sed sit impedit neque. Ullam soluta veritatis deleniti tempore voluptas blanditiis.','2018-03-28 12:03:44'),
('80','80','80','Sit voluptatibus praesentium doloribus voluptatem nam beatae. Error iusto ut et. Dolores id eos adipisci eos est eaque et. Libero ea maxime vitae eaque et.','1974-06-12 08:10:30'),
('81','81','81','Ratione earum reprehenderit dolore consequatur unde animi. Est porro non quibusdam nihil voluptates. Quisquam qui velit est. Accusamus deserunt ducimus architecto occaecati nesciunt nesciunt est. Et eaque dolor assumenda placeat molestiae aut.','1979-10-14 01:59:59'),
('82','82','82','Deserunt optio cum odit velit id. Similique qui eum odit repellat qui. Ratione aut commodi vero nam id optio maxime. Quaerat perferendis earum non.','2005-01-17 15:34:03'),
('83','83','83','Quam non quae in non quasi sed enim enim. Nisi molestiae sit excepturi.','2003-10-29 07:12:30'),
('84','84','84','Doloribus nihil vitae animi aut. Est modi ex aut molestiae.','2013-04-07 16:44:49'),
('85','85','85','Tempore aut saepe quo sint tempora dolores maxime. Hic expedita ratione accusantium voluptas nihil. Perspiciatis porro exercitationem aut odit.','2012-08-15 05:21:37'),
('86','86','86','At magni nam et dignissimos. Possimus odio recusandae aspernatur et necessitatibus culpa temporibus. Consequuntur quia qui odio nihil sit. Velit porro enim quis est. Aut vel et mollitia quia.','2003-12-18 19:09:45'),
('87','87','87','Laudantium voluptatibus sunt amet cupiditate. Voluptas ipsum quae in. Velit ut quas quaerat laborum atque aut perspiciatis. Non odit iusto aut facilis minus voluptatibus.','2018-11-19 01:42:03'),
('88','88','88','Porro et quod voluptates eligendi aut. Harum quia aut sit commodi recusandae aut. Dolores ut officiis quas temporibus sint.','1972-03-09 08:05:48'),
('89','89','89','Velit facere itaque assumenda. Laudantium officiis accusantium dolor beatae eligendi et est perspiciatis. Et voluptates consequatur qui alias similique. Officiis dolorem iusto nihil quo sit magni est. Eum laboriosam quo consequuntur placeat aut sint ut.','1993-09-13 11:41:50'),
('90','90','90','Laborum perferendis animi aliquam in dolores dolorem incidunt sed. Quia ab saepe a dolores nam. Dolorem aut maxime itaque et et ut consequatur. Possimus est voluptas voluptatem sunt.','1982-04-28 06:02:45'),
('91','91','91','Odio autem corporis corporis enim quisquam. Consequatur enim doloremque minima ullam labore eos. Voluptas molestiae rerum voluptates at quibusdam id.','1986-04-13 18:00:09'),
('92','92','92','Dolor amet est omnis culpa ratione consequatur. Similique ut dolor dolores. In architecto culpa architecto ullam omnis reprehenderit.','1981-12-13 02:37:25'),
('93','93','93','Corporis doloremque ut dolorem dicta maxime. Perspiciatis laudantium ipsa cum ullam sequi reprehenderit quis. Dolor tenetur voluptatum sed totam animi at suscipit.','2013-11-20 22:34:55'),
('94','94','94','Consectetur et quo voluptas. Ut sed rerum voluptatem at nemo. Eos sed ut corrupti architecto veniam animi et rerum.','1998-12-07 03:38:56'),
('95','95','95','Explicabo totam temporibus et ea. Quam cumque placeat aut in nihil. Ea dolor nam odio nostrum quo ut est.','1981-06-19 08:37:00'),
('96','96','96','Delectus eligendi recusandae officia. Ut quas aliquid magnam voluptas molestiae quasi nam. Hic eos perferendis non modi. Laborum voluptas magnam ex qui quos distinctio.','2009-09-17 03:53:59'),
('97','97','97','Nihil quia amet ut totam omnis non. Magni illo maxime numquam ut ut quod.','2004-12-08 21:58:09'),
('98','98','98','Nisi autem saepe ut. Et deleniti iure ducimus ipsum aut ducimus quas. Quasi nam repellendus explicabo laborum ullam suscipit. Officia deleniti esse quia corrupti et aliquid.','1996-10-19 06:38:55'),
('99','99','99','Et minima vero esse odit. Qui autem voluptatem velit dolor voluptatibus. Quae optio dicta ut nam error voluptatem quisquam.','1970-12-06 06:42:02'),
('100','100','100','Molestiae ut necessitatibus placeat omnis minus voluptas illum. Modi rerum sit qui modi aut ullam. Voluptate rem quisquam quo aut sunt harum.','1995-09-25 20:48:48'); 


DROP TABLE IF EXISTS `photo_albums`;
CREATE TABLE `photo_albums` (
  `id` bigint(20) unsigned NOT NULL AUTO_INCREMENT,
  `name` varchar(255) COLLATE utf8_unicode_ci DEFAULT NULL,
  `user_id` bigint(20) unsigned DEFAULT NULL,
  PRIMARY KEY (`id`),
  UNIQUE KEY `id` (`id`),
  KEY `user_id` (`user_id`),
  CONSTRAINT `photo_albums_ibfk_1` FOREIGN KEY (`user_id`) REFERENCES `users` (`id`)
) ENGINE=InnoDB AUTO_INCREMENT=101 DEFAULT CHARSET=utf8 COLLATE=utf8_unicode_ci;

INSERT INTO `photo_albums` VALUES ('1','non','1'),
('2','itaque','2'),
('3','magni','3'),
('4','molestiae','4'),
('5','inventore','5'),
('6','iste','6'),
('7','consequatur','7'),
('8','soluta','8'),
('9','exercitationem','9'),
('10','laudantium','10'),
('11','porro','11'),
('12','hic','12'),
('13','et','13'),
('14','accusantium','14'),
('15','quo','15'),
('16','eum','16'),
('17','voluptatibus','17'),
('18','unde','18'),
('19','qui','19'),
('20','possimus','20'),
('21','molestiae','21'),
('22','blanditiis','22'),
('23','magnam','23'),
('24','blanditiis','24'),
('25','quaerat','25'),
('26','nulla','26'),
('27','omnis','27'),
('28','eaque','28'),
('29','quia','29'),
('30','reprehenderit','30'),
('31','qui','31'),
('32','doloribus','32'),
('33','quae','33'),
('34','voluptatem','34'),
('35','nobis','35'),
('36','provident','36'),
('37','sapiente','37'),
('38','odit','38'),
('39','commodi','39'),
('40','qui','40'),
('41','esse','41'),
('42','dolores','42'),
('43','sit','43'),
('44','quibusdam','44'),
('45','recusandae','45'),
('46','et','46'),
('47','id','47'),
('48','occaecati','48'),
('49','commodi','49'),
('50','corporis','50'),
('51','possimus','51'),
('52','dolor','52'),
('53','laudantium','53'),
('54','dolore','54'),
('55','aut','55'),
('56','doloremque','56'),
('57','fugit','57'),
('58','voluptates','58'),
('59','veritatis','59'),
('60','deserunt','60'),
('61','et','61'),
('62','quo','62'),
('63','similique','63'),
('64','nostrum','64'),
('65','autem','65'),
('66','animi','66'),
('67','molestiae','67'),
('68','voluptate','68'),
('69','reiciendis','69'),
('70','placeat','70'),
('71','vel','71'),
('72','necessitatibus','72'),
('73','nihil','73'),
('74','voluptates','74'),
('75','fugiat','75'),
('76','voluptatum','76'),
('77','itaque','77'),
('78','nostrum','78'),
('79','deserunt','79'),
('80','itaque','80'),
('81','aut','81'),
('82','et','82'),
('83','quos','83'),
('84','et','84'),
('85','explicabo','85'),
('86','est','86'),
('87','accusamus','87'),
('88','sunt','88'),
('89','voluptatum','89'),
('90','perferendis','90'),
('91','neque','91'),
('92','sit','92'),
('93','aut','93'),
('94','nesciunt','94'),
('95','atque','95'),
('96','magni','96'),
('97','et','97'),
('98','vero','98'),
('99','mollitia','99'),
('100','beatae','100'); 


DROP TABLE IF EXISTS `photos`;
CREATE TABLE `photos` (
  `id` bigint(20) unsigned NOT NULL AUTO_INCREMENT,
  `album_id` bigint(20) unsigned NOT NULL,
  `media_id` bigint(20) unsigned NOT NULL,
  PRIMARY KEY (`id`),
  KEY `album_id` (`album_id`),
  KEY `media_id` (`media_id`),
  CONSTRAINT `photos_ibfk_1` FOREIGN KEY (`album_id`) REFERENCES `photo_albums` (`id`),
  CONSTRAINT `photos_ibfk_2` FOREIGN KEY (`media_id`) REFERENCES `media` (`id`)
) ENGINE=InnoDB AUTO_INCREMENT=101 DEFAULT CHARSET=utf8 COLLATE=utf8_unicode_ci;

INSERT INTO `photos` VALUES ('1','1','1'),
('2','2','2'),
('3','3','3'),
('4','4','4'),
('5','5','5'),
('6','6','6'),
('7','7','7'),
('8','8','8'),
('9','9','9'),
('10','10','10'),
('11','11','11'),
('12','12','12'),
('13','13','13'),
('14','14','14'),
('15','15','15'),
('16','16','16'),
('17','17','17'),
('18','18','18'),
('19','19','19'),
('20','20','20'),
('21','21','21'),
('22','22','22'),
('23','23','23'),
('24','24','24'),
('25','25','25'),
('26','26','26'),
('27','27','27'),
('28','28','28'),
('29','29','29'),
('30','30','30'),
('31','31','31'),
('32','32','32'),
('33','33','33'),
('34','34','34'),
('35','35','35'),
('36','36','36'),
('37','37','37'),
('38','38','38'),
('39','39','39'),
('40','40','40'),
('41','41','41'),
('42','42','42'),
('43','43','43'),
('44','44','44'),
('45','45','45'),
('46','46','46'),
('47','47','47'),
('48','48','48'),
('49','49','49'),
('50','50','50'),
('51','51','51'),
('52','52','52'),
('53','53','53'),
('54','54','54'),
('55','55','55'),
('56','56','56'),
('57','57','57'),
('58','58','58'),
('59','59','59'),
('60','60','60'),
('61','61','61'),
('62','62','62'),
('63','63','63'),
('64','64','64'),
('65','65','65'),
('66','66','66'),
('67','67','67'),
('68','68','68'),
('69','69','69'),
('70','70','70'),
('71','71','71'),
('72','72','72'),
('73','73','73'),
('74','74','74'),
('75','75','75'),
('76','76','76'),
('77','77','77'),
('78','78','78'),
('79','79','79'),
('80','80','80'),
('81','81','81'),
('82','82','82'),
('83','83','83'),
('84','84','84'),
('85','85','85'),
('86','86','86'),
('87','87','87'),
('88','88','88'),
('89','89','89'),
('90','90','90'),
('91','91','91'),
('92','92','92'),
('93','93','93'),
('94','94','94'),
('95','95','95'),
('96','96','96'),
('97','97','97'),
('98','98','98'),
('99','99','99'),
('100','100','100'); 


DROP TABLE IF EXISTS `profiles`;
CREATE TABLE `profiles` (
  `user_id` bigint(20) unsigned NOT NULL AUTO_INCREMENT,
  `gender` char(1) COLLATE utf8_unicode_ci DEFAULT NULL,
  `birthday` date DEFAULT NULL,
  `photo_id` bigint(20) unsigned DEFAULT NULL,
  `created_at` datetime DEFAULT current_timestamp(),
  `hometown` varchar(100) COLLATE utf8_unicode_ci DEFAULT NULL,
  PRIMARY KEY (`user_id`),
  CONSTRAINT `profiles_ibfk_1` FOREIGN KEY (`user_id`) REFERENCES `users` (`id`) ON UPDATE CASCADE
) ENGINE=InnoDB AUTO_INCREMENT=101 DEFAULT CHARSET=utf8 COLLATE=utf8_unicode_ci;

INSERT INTO `profiles` VALUES ('1',NULL,'1989-01-20','1','1977-10-23 09:10:49',NULL),
('2',NULL,'2009-01-26','2','1994-01-22 03:46:28',NULL),
('3',NULL,'2004-06-10','3','2007-10-04 00:11:45',NULL),
('4',NULL,'1995-11-03','4','2005-10-07 20:10:11',NULL),
('5',NULL,'1999-03-28','5','2009-11-12 13:33:27',NULL),
('6',NULL,'1971-09-17','6','2012-06-16 15:57:31',NULL),
('7',NULL,'1979-11-30','7','1990-12-08 06:22:29',NULL),
('8',NULL,'1988-11-02','8','1997-07-19 02:39:45',NULL),
('9',NULL,'2018-02-04','9','2005-12-23 07:52:06',NULL),
('10',NULL,'1972-10-06','10','1977-06-15 03:07:29',NULL),
('11',NULL,'1999-09-29','11','1980-11-08 15:29:03',NULL),
('12',NULL,'2014-09-01','12','1978-01-13 03:50:48',NULL),
('13',NULL,'2006-02-01','13','1990-01-22 04:18:26',NULL),
('14',NULL,'2015-10-26','14','1975-12-19 12:27:48',NULL),
('15',NULL,'1993-01-27','15','1997-01-10 16:29:25',NULL),
('16',NULL,'2011-12-14','16','1985-03-04 07:12:14',NULL),
('17',NULL,'1982-03-31','17','1971-11-14 11:55:04',NULL),
('18',NULL,'1984-07-07','18','2008-04-10 10:02:46',NULL),
('19',NULL,'1976-04-11','19','1978-04-17 23:55:15',NULL),
('20',NULL,'2012-10-11','20','1993-07-02 09:01:57',NULL),
('21',NULL,'1975-11-18','21','2008-12-09 23:38:16',NULL),
('22',NULL,'1972-12-29','22','2014-12-02 18:11:54',NULL),
('23',NULL,'1982-06-30','23','2015-01-17 14:09:15',NULL),
('24',NULL,'1988-08-31','24','2013-01-31 17:11:07',NULL),
('25',NULL,'1988-08-08','25','2020-01-31 05:38:10',NULL),
('26',NULL,'2012-05-26','26','1998-10-18 23:58:44',NULL),
('27',NULL,'2015-08-31','27','2006-06-01 12:17:27',NULL),
('28',NULL,'2000-07-11','28','1985-12-09 04:48:10',NULL),
('29',NULL,'2020-01-16','29','2004-12-24 10:57:31',NULL),
('30',NULL,'1971-02-24','30','2002-01-03 02:30:44',NULL),
('31',NULL,'1993-04-15','31','1977-10-07 00:43:10',NULL),
('32',NULL,'1980-07-15','32','1996-02-28 07:38:58',NULL),
('33',NULL,'1996-08-05','33','2000-11-18 01:50:35',NULL),
('34',NULL,'2007-11-15','34','2019-03-27 15:08:08',NULL),
('35',NULL,'1990-03-19','35','1971-09-27 03:23:41',NULL),
('36',NULL,'1970-03-29','36','1984-03-29 11:55:53',NULL),
('37',NULL,'1991-11-27','37','2010-09-20 06:07:52',NULL),
('38',NULL,'2013-07-26','38','1999-05-25 20:26:22',NULL),
('39',NULL,'1970-10-22','39','1981-07-25 14:27:29',NULL),
('40',NULL,'1983-01-04','40','1980-08-18 11:28:05',NULL),
('41',NULL,'2012-11-16','41','1988-01-14 16:25:25',NULL),
('42',NULL,'1988-03-22','42','2006-03-03 06:37:33',NULL),
('43',NULL,'1994-01-11','43','1997-03-03 01:54:46',NULL),
('44',NULL,'1984-02-23','44','1996-02-07 11:52:10',NULL),
('45',NULL,'2008-05-23','45','1998-03-11 12:59:04',NULL),
('46',NULL,'1990-10-19','46','2019-03-16 15:08:06',NULL),
('47',NULL,'1976-11-01','47','2002-08-25 06:57:19',NULL),
('48',NULL,'1987-08-20','48','1979-12-15 22:48:06',NULL),
('49',NULL,'1991-03-23','49','2019-08-01 06:58:57',NULL),
('50',NULL,'1993-02-24','50','1981-03-20 02:32:11',NULL),
('51',NULL,'1998-09-26','51','2014-02-28 00:00:47',NULL),
('52',NULL,'1987-10-30','52','2018-10-06 03:46:44',NULL),
('53',NULL,'1978-01-01','53','1992-11-04 13:34:10',NULL),
('54',NULL,'1999-02-16','54','2001-04-20 22:04:41',NULL),
('55',NULL,'2007-09-05','55','2009-08-19 05:38:08',NULL),
('56',NULL,'2019-05-29','56','1978-10-05 10:29:39',NULL),
('57',NULL,'2003-05-11','57','1974-10-13 17:25:21',NULL),
('58',NULL,'1988-09-27','58','1977-05-18 23:06:53',NULL),
('59',NULL,'2006-02-06','59','1999-06-02 07:50:31',NULL),
('60',NULL,'1973-02-07','60','2012-12-19 17:58:57',NULL),
('61',NULL,'1972-05-28','61','2001-04-04 20:26:20',NULL),
('62',NULL,'2004-06-03','62','2012-11-25 22:12:15',NULL),
('63',NULL,'2003-05-25','63','2017-08-28 05:48:30',NULL),
('64',NULL,'1976-11-20','64','1978-10-28 07:39:40',NULL),
('65',NULL,'1981-11-07','65','1989-09-09 05:20:12',NULL),
('66',NULL,'1977-01-23','66','1972-11-20 23:31:06',NULL),
('67',NULL,'2018-01-05','67','2014-12-18 20:06:07',NULL),
('68',NULL,'2012-06-12','68','2018-02-26 00:33:48',NULL),
('69',NULL,'1982-06-22','69','1997-05-25 22:36:27',NULL),
('70',NULL,'1974-08-20','70','2002-12-19 10:17:51',NULL),
('71',NULL,'2003-08-14','71','1996-10-31 23:15:41',NULL),
('72',NULL,'2005-08-16','72','1977-05-24 00:24:34',NULL),
('73',NULL,'2019-06-10','73','1982-10-08 22:29:45',NULL),
('74',NULL,'2007-04-08','74','2013-09-05 09:44:32',NULL),
('75',NULL,'1984-01-10','75','1978-10-29 18:09:53',NULL),
('76',NULL,'1976-03-09','76','2003-12-07 16:26:36',NULL),
('77',NULL,'1982-06-08','77','1990-10-27 23:03:36',NULL),
('78',NULL,'2008-01-09','78','1971-02-12 19:24:48',NULL),
('79',NULL,'2000-04-03','79','2006-08-23 05:44:13',NULL),
('80',NULL,'1971-12-11','80','2008-01-26 06:44:47',NULL),
('81',NULL,'1978-01-25','81','2014-11-20 01:23:14',NULL),
('82',NULL,'1995-08-17','82','2006-09-08 12:45:31',NULL),
('83',NULL,'2003-02-18','83','1973-03-28 01:11:57',NULL),
('84',NULL,'1991-04-09','84','1987-02-12 22:44:13',NULL),
('85',NULL,'1986-08-14','85','1995-04-08 07:55:39',NULL),
('86',NULL,'2003-12-19','86','2005-11-01 07:22:39',NULL),
('87',NULL,'2003-08-29','87','2004-06-19 06:19:33',NULL),
('88',NULL,'2010-09-16','88','1980-02-11 08:21:30',NULL),
('89',NULL,'1985-01-23','89','1982-12-31 16:03:58',NULL),
('90',NULL,'1992-05-20','90','2003-12-08 17:04:41',NULL),
('91',NULL,'2005-01-19','91','2004-05-28 06:18:59',NULL),
('92',NULL,'1978-09-24','92','2011-01-20 02:50:07',NULL),
('93',NULL,'2017-12-28','93','2008-07-04 11:55:30',NULL),
('94',NULL,'2007-02-04','94','2017-11-16 14:43:36',NULL),
('95',NULL,'2018-05-23','95','1997-01-09 20:59:48',NULL),
('96',NULL,'2006-12-06','96','1997-09-21 17:39:34',NULL),
('97',NULL,'1970-01-19','97','1995-02-24 14:47:57',NULL),
('98',NULL,'1992-01-20','98','1988-01-01 22:41:38',NULL),
('99',NULL,'1976-03-23','99','1986-11-30 23:35:36',NULL),
('100',NULL,'1977-06-06','100','2005-02-05 02:13:56',NULL); 


DROP TABLE IF EXISTS `users`;
CREATE TABLE `users` (
  `id` bigint(20) unsigned NOT NULL AUTO_INCREMENT,
  `firstname` varchar(50) COLLATE utf8_unicode_ci DEFAULT NULL,
  `lastname` varchar(50) COLLATE utf8_unicode_ci DEFAULT NULL COMMENT 'Фамиль',
  `email` varchar(120) COLLATE utf8_unicode_ci DEFAULT NULL,
  `phone` bigint(20) DEFAULT NULL,
  PRIMARY KEY (`id`),
  UNIQUE KEY `email` (`email`),
  KEY `users_phone_idx` (`phone`),
  KEY `users_firstname_lastname_idx` (`firstname`,`lastname`)
) ENGINE=InnoDB AUTO_INCREMENT=101 DEFAULT CHARSET=utf8 COLLATE=utf8_unicode_ci;

INSERT INTO `users` VALUES ('1','Ashly','Nolan','beier.ulises@example.com','387122'),
('2','Nellie','Kiehn','jakubowski.kari@example.net','8516733496'),
('3','Mariam','Russel','kirlin.jacklyn@example.com','1'),
('4','Era','Casper','agoyette@example.com','1'),
('5','Dena','Nikolaus','evan.hickle@example.org','1'),
('6','Jade','Barton','wyundt@example.net','877'),
('7','Federico','Barrows','abigayle81@example.net','124409874'),
('8','Lonny','Kshlerin','rodriguez.jeromy@example.org','1'),
('9','Peggie','Hudson','nhodkiewicz@example.com','0'),
('10','Imani','Rolfson','xconnelly@example.org','400585'),
('11','Geovanni','Gleason','fletcher.gorczany@example.com','618'),
('12','Ervin','Abshire','karlee28@example.net','836'),
('13','Mia','Stoltenberg','leonor59@example.com','478'),
('14','Reva','Wilderman','libbie.marks@example.net','9'),
('15','Kaylie','Walker','gjast@example.com','397820'),
('16','Adah','Koch','dennis57@example.org','1'),
('17','Destany','Hand','brad.altenwerth@example.net','758776'),
('18','Danny','Gleason','yd\'amore@example.com','790370'),
('19','Art','Herman','wconsidine@example.org','0'),
('20','Destany','Turcotte','hammes.alyce@example.com','0'),
('21','Florence','Roob','bogan.federico@example.com','694'),
('22','Russel','Moen','gerhold.dedric@example.org','86'),
('23','Enos','Bogisich','dooley.gloria@example.com','5504038024'),
('24','Erna','Sanford','warren28@example.com','487758'),
('25','Edgardo','Kautzer','zhartmann@example.org','0'),
('26','Freddy','Borer','reina.welch@example.net','1'),
('27','Charley','Carroll','norma.boyle@example.net','536438'),
('28','Madaline','Conn','margarett58@example.net','473411'),
('29','Frances','Schulist','sydnie73@example.org','0'),
('30','Herman','Gulgowski','jfadel@example.org','0'),
('31','David','Baumbach','lilian.flatley@example.com','1'),
('32','Russel','Will','daisy04@example.com','0'),
('33','Danyka','Sauer','marvin.sylvan@example.org','0'),
('34','Cora','Jakubowski','hahn.stacey@example.net','64'),
('35','Lexus','Bogisich','mathilde22@example.org','71'),
('36','Randal','Little','pouros.alden@example.com','691430'),
('37','Devonte','Connelly','wilhelmine.wisozk@example.net','9689061813'),
('38','Xzavier','Labadie','leslie.mayer@example.net','6058168622'),
('39','Reyes','Denesik','deangelo.bins@example.org','1'),
('40','Juliana','Koch','tjohnston@example.net','707'),
('41','Carmelo','Abernathy','melyna.lueilwitz@example.com','350543399'),
('42','Delphine','Daniel','elowe@example.com','1'),
('43','Lauryn','Christiansen','kim.kunde@example.com','0'),
('44','Providenci','Feeney','cgreenfelder@example.com','8231657498'),
('45','Maximo','Sporer','wmedhurst@example.org','0'),
('46','Randy','Collins','lisandro68@example.com','0'),
('47','Berenice','Gottlieb','antwon88@example.com','0'),
('48','Kristina','Bins','akerluke@example.com','299'),
('49','Miguel','Morar','nya74@example.com','90'),
('50','Audreanne','Glover','hal46@example.org','164'),
('51','Raquel','Kling','nova29@example.org','1'),
('52','Lelia','Hegmann','flatley.harvey@example.com','544973'),
('53','Logan','Huel','sabernathy@example.org','0'),
('54','Keagan','Williamson','florencio37@example.org','20908'),
('55','Leonard','Herman','tdaniel@example.org','1'),
('56','Beaulah','Welch','lsenger@example.org','845'),
('57','Rowan','Koss','dwolf@example.net','932397'),
('58','Justina','Heathcote','gaylord.rebekah@example.net','2711435149'),
('59','Margarita','Little','lucius16@example.org','1'),
('60','Terrill','Yost','armando.bogisich@example.net','1'),
('61','Lela','Russel','corwin.araceli@example.org','640018'),
('62','Sydnie','Hermiston','bailey.ellis@example.org','621756'),
('63','Jamar','Batz','ryan16@example.net','962'),
('64','Katharina','Kutch','merl74@example.net','46'),
('65','Thomas','Kassulke','leannon.adelle@example.com','1'),
('66','Bryana','Klocko','janae.erdman@example.org','0'),
('67','Matilde','Zieme','onicolas@example.org','1'),
('68','Syble','Bernier','lruecker@example.net','241'),
('69','Aurelio','Weissnat','dietrich.jackie@example.org','0'),
('70','Marcia','Rohan','wlakin@example.com','120620573'),
('71','Bethel','Vandervort','ygleason@example.net','932594'),
('72','Quentin','Langosh','pfeffer.elias@example.com','803765'),
('73','Tamara','Considine','dedrick74@example.com','632122'),
('74','Mose','Gutkowski','ndubuque@example.com','37'),
('75','Kristina','Koch','fschulist@example.org','0'),
('76','Carlee','Stroman','bfadel@example.net','4381074583'),
('77','Mae','Nader','o\'reilly.lonzo@example.net','568'),
('78','Nina','Bogan','murazik.patrick@example.net','88'),
('79','Delphia','Mayert','lockman.demetrius@example.org','0'),
('80','Shaniya','Schimmel','keara25@example.org','0'),
('81','Katrina','Paucek','jacobson.devon@example.com','0'),
('82','Dayna','Hermiston','cathrine75@example.net','0'),
('83','Maxwell','Grant','millie.bergstrom@example.com','7137341857'),
('84','Webster','Bashirian','tyler.toy@example.org','1'),
('85','Bruce','Bayer','kiana.brekke@example.com','1'),
('86','Jalyn','Beahan','wmante@example.com','185'),
('87','Diamond','Grant','kasey50@example.net','0'),
('88','Zachariah','Torp','sarai.corkery@example.net','7116923912'),
('89','Michael','Conroy','vicky82@example.com','3286286642'),
('90','Tito','Greenholt','nils64@example.net','790'),
('91','Broderick','Kuvalis','lucinda.harris@example.com','439364'),
('92','Wilfredo','Greenholt','jazmyne13@example.net','48'),
('93','Roberto','Shields','keebler.andreane@example.org','0'),
('94','Royal','Schamberger','delphia.bosco@example.org','1'),
('95','Caitlyn','Brakus','jziemann@example.org','1'),
('96','Catalina','Grant','kub.cecile@example.org','82'),
('97','Nelson','Mueller','zgrimes@example.org','474363'),
('98','Barbara','Koch','vanessa.sawayn@example.com','1'),
('99','Ephraim','Cole','qrodriguez@example.com','0'),
('100','Arnoldo','Bergstrom','rowland20@example.org','480'); 


DROP TABLE IF EXISTS `users_communities`;
CREATE TABLE `users_communities` (
  `user_id` bigint(20) unsigned NOT NULL,
  `community_id` bigint(20) unsigned NOT NULL,
  PRIMARY KEY (`user_id`,`community_id`),
  KEY `community_id` (`community_id`),
  CONSTRAINT `users_communities_ibfk_1` FOREIGN KEY (`user_id`) REFERENCES `users` (`id`),
  CONSTRAINT `users_communities_ibfk_2` FOREIGN KEY (`community_id`) REFERENCES `communities` (`id`)
) ENGINE=InnoDB DEFAULT CHARSET=utf8 COLLATE=utf8_unicode_ci;

INSERT INTO `users_communities` VALUES ('1','1'),
('2','2'),
('3','3'),
('4','4'),
('5','5'),
('6','6'),
('7','7'),
('8','8'),
('9','9'),
('10','10'),
('11','11'),
('12','12'),
('13','13'),
('14','14'),
('15','15'),
('16','16'),
('17','17'),
('18','18'),
('19','19'),
('20','20'),
('21','21'),
('22','22'),
('23','23'),
('24','24'),
('25','25'),
('26','26'),
('27','27'),
('28','28'),
('29','29'),
('30','30'),
('31','31'),
('32','32'),
('33','33'),
('34','34'),
('35','35'),
('36','36'),
('37','37'),
('38','38'),
('39','39'),
('40','40'),
('41','41'),
('42','42'),
('43','43'),
('44','44'),
('45','45'),
('46','46'),
('47','47'),
('48','48'),
('49','49'),
('50','50'),
('51','51'),
('52','52'),
('53','53'),
('54','54'),
('55','55'),
('56','56'),
('57','57'),
('58','58'),
('59','59'),
('60','60'),
('61','61'),
('62','62'),
('63','63'),
('64','64'),
('65','65'),
('66','66'),
('67','67'),
('68','68'),
('69','69'),
('70','70'),
('71','71'),
('72','72'),
('73','73'),
('74','74'),
('75','75'),
('76','76'),
('77','77'),
('78','78'),
('79','79'),
('80','80'),
('81','81'),
('82','82'),
('83','83'),
('84','84'),
('85','85'),
('86','86'),
('87','87'),
('88','88'),
('89','89'),
('90','90'),
('91','91'),
('92','92'),
('93','93'),
('94','94'),
('95','95'),
('96','96'),
('97','97'),
('98','98'),
('99','99'),
('100','100'); 


DROP TABLE IF EXISTS `video_albums`;
CREATE TABLE `video_albums` (
  `id` bigint(20) unsigned NOT NULL AUTO_INCREMENT,
  `name` varchar(255) COLLATE utf8_unicode_ci DEFAULT NULL,
  `user_id` bigint(20) unsigned DEFAULT NULL,
  PRIMARY KEY (`id`),
  KEY `user_id` (`user_id`),
  CONSTRAINT `video_albums_ibfk_1` FOREIGN KEY (`user_id`) REFERENCES `users` (`id`)
) ENGINE=InnoDB AUTO_INCREMENT=101 DEFAULT CHARSET=utf8 COLLATE=utf8_unicode_ci;

INSERT INTO `video_albums` VALUES ('1','rerum','1'),
('2','eius','2'),
('3','consequatur','3'),
('4','expedita','4'),
('5','ratione','5'),
('6','dolores','6'),
('7','totam','7'),
('8','voluptatem','8'),
('9','neque','9'),
('10','quas','10'),
('11','nihil','11'),
('12','blanditiis','12'),
('13','eius','13'),
('14','eum','14'),
('15','laudantium','15'),
('16','vero','16'),
('17','tempore','17'),
('18','atque','18'),
('19','reprehenderit','19'),
('20','doloremque','20'),
('21','molestiae','21'),
('22','facere','22'),
('23','non','23'),
('24','dolorem','24'),
('25','numquam','25'),
('26','dignissimos','26'),
('27','adipisci','27'),
('28','nihil','28'),
('29','in','29'),
('30','explicabo','30'),
('31','consequatur','31'),
('32','doloremque','32'),
('33','totam','33'),
('34','et','34'),
('35','esse','35'),
('36','optio','36'),
('37','ut','37'),
('38','veniam','38'),
('39','ut','39'),
('40','nemo','40'),
('41','dolor','41'),
('42','autem','42'),
('43','nisi','43'),
('44','asperiores','44'),
('45','consequatur','45'),
('46','animi','46'),
('47','repudiandae','47'),
('48','qui','48'),
('49','nihil','49'),
('50','voluptate','50'),
('51','et','51'),
('52','ullam','52'),
('53','accusamus','53'),
('54','minus','54'),
('55','aut','55'),
('56','exercitationem','56'),
('57','vel','57'),
('58','porro','58'),
('59','sit','59'),
('60','illo','60'),
('61','porro','61'),
('62','dignissimos','62'),
('63','minima','63'),
('64','quae','64'),
('65','cumque','65'),
('66','nam','66'),
('67','dolor','67'),
('68','nemo','68'),
('69','reiciendis','69'),
('70','facilis','70'),
('71','quas','71'),
('72','error','72'),
('73','laboriosam','73'),
('74','quisquam','74'),
('75','voluptates','75'),
('76','quia','76'),
('77','possimus','77'),
('78','officia','78'),
('79','voluptates','79'),
('80','in','80'),
('81','sequi','81'),
('82','eos','82'),
('83','esse','83'),
('84','tempora','84'),
('85','doloremque','85'),
('86','eligendi','86'),
('87','deserunt','87'),
('88','voluptas','88'),
('89','et','89'),
('90','debitis','90'),
('91','eveniet','91'),
('92','laudantium','92'),
('93','animi','93'),
('94','molestias','94'),
('95','praesentium','95'),
('96','modi','96'),
('97','ut','97'),
('98','iusto','98'),
('99','suscipit','99'),
('100','quia','100'); 


DROP TABLE IF EXISTS `videos`;
CREATE TABLE `videos` (
  `id` bigint(20) unsigned NOT NULL AUTO_INCREMENT,
  `album_id` bigint(20) unsigned NOT NULL,
  `media_id` bigint(20) unsigned NOT NULL,
  PRIMARY KEY (`id`),
  KEY `album_id` (`album_id`),
  KEY `media_id` (`media_id`),
  CONSTRAINT `videos_ibfk_1` FOREIGN KEY (`album_id`) REFERENCES `video_albums` (`id`),
  CONSTRAINT `videos_ibfk_2` FOREIGN KEY (`media_id`) REFERENCES `media` (`id`)
) ENGINE=InnoDB AUTO_INCREMENT=101 DEFAULT CHARSET=utf8 COLLATE=utf8_unicode_ci;

INSERT INTO `videos` VALUES ('1','1','1'),
('2','2','2'),
('3','3','3'),
('4','4','4'),
('5','5','5'),
('6','6','6'),
('7','7','7'),
('8','8','8'),
('9','9','9'),
('10','10','10'),
('11','11','11'),
('12','12','12'),
('13','13','13'),
('14','14','14'),
('15','15','15'),
('16','16','16'),
('17','17','17'),
('18','18','18'),
('19','19','19'),
('20','20','20'),
('21','21','21'),
('22','22','22'),
('23','23','23'),
('24','24','24'),
('25','25','25'),
('26','26','26'),
('27','27','27'),
('28','28','28'),
('29','29','29'),
('30','30','30'),
('31','31','31'),
('32','32','32'),
('33','33','33'),
('34','34','34'),
('35','35','35'),
('36','36','36'),
('37','37','37'),
('38','38','38'),
('39','39','39'),
('40','40','40'),
('41','41','41'),
('42','42','42'),
('43','43','43'),
('44','44','44'),
('45','45','45'),
('46','46','46'),
('47','47','47'),
('48','48','48'),
('49','49','49'),
('50','50','50'),
('51','51','51'),
('52','52','52'),
('53','53','53'),
('54','54','54'),
('55','55','55'),
('56','56','56'),
('57','57','57'),
('58','58','58'),
('59','59','59'),
('60','60','60'),
('61','61','61'),
('62','62','62'),
('63','63','63'),
('64','64','64'),
('65','65','65'),
('66','66','66'),
('67','67','67'),
('68','68','68'),
('69','69','69'),
('70','70','70'),
('71','71','71'),
('72','72','72'),
('73','73','73'),
('74','74','74'),
('75','75','75'),
('76','76','76'),
('77','77','77'),
('78','78','78'),
('79','79','79'),
('80','80','80'),
('81','81','81'),
('82','82','82'),
('83','83','83'),
('84','84','84'),
('85','85','85'),
('86','86','86'),
('87','87','87'),
('88','88','88'),
('89','89','89'),
('90','90','90'),
('91','91','91'),
('92','92','92'),
('93','93','93'),
('94','94','94'),
('95','95','95'),
('96','96','96'),
('97','97','97'),
('98','98','98'),
('99','99','99'),
('100','100','100'); 




/*!40101 SET SQL_MODE=@OLD_SQL_MODE */;
/*!40014 SET FOREIGN_KEY_CHECKS=@OLD_FOREIGN_KEY_CHECKS */;
/*!40014 SET UNIQUE_CHECKS=@OLD_UNIQUE_CHECKS */;
/*!40101 SET CHARACTER_SET_CLIENT=@OLD_CHARACTER_SET_CLIENT */;
/*!40101 SET CHARACTER_SET_RESULTS=@OLD_CHARACTER_SET_RESULTS */;
/*!40101 SET COLLATION_CONNECTION=@OLD_COLLATION_CONNECTION */;
/*!40111 SET SQL_NOTES=@OLD_SQL_NOTES */;

/*ii. Написать скрипт, возвращающий список имен (только firstname)
 *  пользователей без повторений в алфавитном порядке*/

select distinct firstname from users
order by firstname;

/* iii. Написать скрипт, отмечающий несовершеннолетних пользователей 
как неактивных (поле is_active = false). 
Предварительно добавить такое поле в таблицу profiles 
со значением по умолчанию = true (или 1) */

alter table profiles drop column is_active;
alter table profiles add is_active bool default true;
update profiles
set is_active=false
where DATE(birthday) > DATE_SUB(curdate() , INTERVAL 18 YEAR);

/* iv. Написать скрипт, удаляющий сообщения «из будущего»
 (дата позже сегодняшней) */ 

delete from messages
where created_at > now();



